#
# There is insufficient memory for the Java Runtime Environment to continue.
# Native memory allocation (malloc) failed to allocate 290336 bytes for Chunk::new
# Possible reasons:
#   The system is out of physical RAM or swap space
#   The process is running with CompressedOops enabled, and the Java Heap may be blocking the growth of the native heap
# Possible solutions:
#   Reduce memory load on the system
#   Increase physical memory or swap space
#   Check if swap backing store is full
#   Decrease Java heap size (-Xmx/-Xms)
#   Decrease number of Java threads
#   Decrease Java thread stack sizes (-Xss)
#   Set larger code cache with -XX:ReservedCodeCacheSize=
#   JVM is running with Unscaled Compressed Oops mode in which the Java heap is
#     placed in the first 4GB address space. The Java Heap base address is the
#     maximum limit for the native heap growth. Please use -XX:HeapBaseMinAddress
#     to set the Java Heap base and to place the Java Heap above 4GB virtual address.
# This output file may be truncated or incomplete.
#
#  Out of Memory Error (arena.cpp:189), pid=30796, tid=26512
#
# JRE version: Java(TM) SE Runtime Environment (17.0.10+11) (build 17.0.10+11-LTS-240)
# Java VM: Java HotSpot(TM) 64-Bit Server VM (17.0.10+11-LTS-240, mixed mode, sharing, tiered, compressed oops, compressed class ptrs, g1 gc, windows-amd64)
# No core dump will be written. Minidumps are not enabled by default on client versions of Windows
#

---------------  S U M M A R Y ------------

Command Line: --add-opens=java.base/java.util=ALL-UNNAMED --add-opens=java.base/java.lang=ALL-UNNAMED --add-opens=java.base/java.lang.invoke=ALL-UNNAMED --add-opens=java.prefs/java.util.prefs=ALL-UNNAMED --add-opens=java.base/java.nio.charset=ALL-UNNAMED --add-opens=java.base/java.net=ALL-UNNAMED --add-opens=java.base/java.util.concurrent.atomic=ALL-UNNAMED -XX:MaxMetaspaceSize=384m -XX:+HeapDumpOnOutOfMemoryError -Xms256m -Xmx512m -Dfile.encoding=windows-1252 -Duser.country=US -Duser.language=en -Duser.variant -javaagent:C:\Users\Sharif\.gradle\wrapper\dists\gradle-8.5-bin\5t9huq95ubn472n8rpzujfbqh\gradle-8.5\lib\agents\gradle-instrumentation-agent-8.5.jar org.gradle.launcher.daemon.bootstrap.GradleDaemon 8.5

Host: AMD Ryzen 7 5800H with Radeon Graphics         , 14 cores, 15G,  Windows 11 , 64 bit Build 26100 (10.0.26100.3323)
Time: Tue Mar 25 15:55:47 2025 Bangladesh Standard Time elapsed time: 89.062391 seconds (0d 0h 1m 29s)

---------------  T H R E A D  ---------------

Current thread (0x00000276fef0c000):  JavaThread "C2 CompilerThread0" daemon [_thread_in_native, id=26512, stack(0x000000feb2800000,0x000000feb2900000)]


Current CompileTask:
C2:  89062 15149       4       java.util.ComparableTimSort::sort (219 bytes)

Stack: [0x000000feb2800000,0x000000feb2900000]
Native frames: (J=compiled Java code, j=interpreted, Vv=VM code, C=native code)
V  [jvm.dll+0x677a5a]
V  [jvm.dll+0x7d8b2d]
V  [jvm.dll+0x7da48e]
V  [jvm.dll+0x7daaf3]
V  [jvm.dll+0x2455ff]
V  [jvm.dll+0xaaafb]
V  [jvm.dll+0xab09c]
V  [jvm.dll+0x2aafef]
V  [jvm.dll+0x57fd55]
V  [jvm.dll+0x220472]
V  [jvm.dll+0x219070]
V  [jvm.dll+0x216c79]
V  [jvm.dll+0x1a3410]
V  [jvm.dll+0x226aeb]
V  [jvm.dll+0x224cab]
V  [jvm.dll+0x78e45c]
V  [jvm.dll+0x78888a]
V  [jvm.dll+0x676935]
C  [ucrtbase.dll+0x37b0]
C  [KERNEL32.DLL+0x2e8d7]
C  [ntdll.dll+0xbbf6c]


---------------  P R O C E S S  ---------------

Threads class SMR info:
_java_thread_list=0x00000276b7dec980, length=151, elements={
0x00000276fa74c630, 0x00000276feed5e20, 0x00000276feed6e70, 0x00000276feeee7a0,
0x00000276feeeec80, 0x00000276feef02e0, 0x00000276feef9340, 0x00000276fef0c000,
0x00000276fef0e540, 0x00000276fef14920, 0x00000276fef13f00, 0x00000276fef12ac0,
0x00000276fef14410, 0x00000276fef15340, 0x00000276fef14e30, 0x00000276fef15850,
0x00000276fef16270, 0x00000276b13dc730, 0x00000276b13d99a0, 0x00000276b13da3c0,
0x00000276b13dd150, 0x00000276b13dd660, 0x00000276b13deaa0, 0x00000276b13e1320,
0x00000276b13defb0, 0x00000276b13df4c0, 0x00000276b13df9d0, 0x00000276b13e0e10,
0x00000276b32d9340, 0x00000276b32d6ac0, 0x00000276b32d6fd0, 0x00000276b5e55730,
0x00000276b5e55c40, 0x00000276b5e533c0, 0x00000276b5e57080, 0x00000276b5e57590,
0x00000276b5e57aa0, 0x00000276b5e57fb0, 0x00000276b5e54800, 0x00000276b64f4da0,
0x00000276b64f3e70, 0x00000276b64f57c0, 0x00000276b6427ca0, 0x00000276b64eed70,
0x00000276b13dbd10, 0x00000276b19c4df0, 0x00000276b19c5300, 0x00000276b19c5810,
0x00000276b19c34a0, 0x00000276b19c6230, 0x00000276b19c5d20, 0x00000276b19c6740,
0x00000276b19c6c50, 0x00000276b19c7160, 0x00000276b19c39b0, 0x00000276b19c43d0,
0x00000276b19c7670, 0x00000276b19c3ec0, 0x00000276b19c7b80, 0x00000276b19c8090,
0x00000276b19c48e0, 0x00000276b19c8fc0, 0x00000276b19c8ab0, 0x00000276b19c85a0,
0x00000276b19c94d0, 0x00000276b19c99e0, 0x00000276b19ca910, 0x00000276b19c9ef0,
0x00000276b19ca400, 0x00000276b6422ba0, 0x00000276b6421c70, 0x00000276b6422180,
0x00000276b6423ad0, 0x00000276b64230b0, 0x00000276b6421250, 0x00000276b6425930,
0x00000276b6425e40, 0x00000276b6423fe0, 0x00000276b64244f0, 0x00000276b6422690,
0x00000276b6424a00, 0x00000276b64281b0, 0x00000276b64286c0, 0x00000276b6426860,
0x00000276b6426d70, 0x00000276b6425420, 0x00000276b6426350, 0x00000276b6427280,
0x00000276b6424f10, 0x00000276b6428bd0, 0x00000276b6953320, 0x00000276b6953830,
0x00000276b6953d40, 0x00000276b6954c70, 0x00000276b6954250, 0x00000276b6954760,
0x00000276b6955180, 0x00000276b6952900, 0x00000276b6958930, 0x00000276b6958e40,
0x00000276b6958420, 0x00000276b6955690, 0x00000276b6957a00, 0x00000276b6959350,
0x00000276b6955ba0, 0x00000276b6959860, 0x00000276b69560b0, 0x00000276b695a280,
0x00000276b6956ad0, 0x00000276b6956fe0, 0x00000276b69574f0, 0x00000276b64f1b00,
0x00000276b64ee350, 0x00000276b64f06c0, 0x00000276b64efca0, 0x00000276b64f15f0,
0x00000276b64f01b0, 0x00000276b64f2010, 0x00000276b64ee860, 0x00000276b64f2520,
0x00000276b64f0bd0, 0x00000276b64f2a30, 0x00000276b64f10e0, 0x00000276b64ef790,
0x00000276b64ef280, 0x00000276b64f5cd0, 0x00000276b64f3960, 0x00000276b64f2f40,
0x00000276b64f4380, 0x00000276b64f3450, 0x00000276b64f52b0, 0x00000276b64f4890,
0x00000276b5e56660, 0x00000276b5e52eb0, 0x00000276b5e55220, 0x00000276b5e56150,
0x00000276b5e56b70, 0x00000276b5e538d0, 0x00000276b5e53de0, 0x00000276b5e542f0,
0x00000276b5e593f0, 0x00000276b5e59e10, 0x00000276b5e5a830, 0x00000276b5e584c0,
0x00000276b32d9d60, 0x00000276b32d74e0, 0x00000276b32d8410, 0x00000276b32d79f0,
0x00000276b32d7f00, 0x00000276b13ddb70, 0x00000276b13dc220
}

Java Threads: ( => current thread )
  0x00000276fa74c630 JavaThread "main" [_thread_blocked, id=12280, stack(0x000000feb1b00000,0x000000feb1c00000)]
  0x00000276feed5e20 JavaThread "Reference Handler" daemon [_thread_blocked, id=15212, stack(0x000000feb2200000,0x000000feb2300000)]
  0x00000276feed6e70 JavaThread "Finalizer" daemon [_thread_blocked, id=27340, stack(0x000000feb2300000,0x000000feb2400000)]
  0x00000276feeee7a0 JavaThread "Signal Dispatcher" daemon [_thread_blocked, id=8644, stack(0x000000feb2400000,0x000000feb2500000)]
  0x00000276feeeec80 JavaThread "Attach Listener" daemon [_thread_blocked, id=25188, stack(0x000000feb2500000,0x000000feb2600000)]
  0x00000276feef02e0 JavaThread "Service Thread" daemon [_thread_blocked, id=30700, stack(0x000000feb2600000,0x000000feb2700000)]
  0x00000276feef9340 JavaThread "Monitor Deflation Thread" daemon [_thread_blocked, id=14504, stack(0x000000feb2700000,0x000000feb2800000)]
=>0x00000276fef0c000 JavaThread "C2 CompilerThread0" daemon [_thread_in_native, id=26512, stack(0x000000feb2800000,0x000000feb2900000)]
  0x00000276fef0e540 JavaThread "C1 CompilerThread0" daemon [_thread_blocked, id=8060, stack(0x000000feb2900000,0x000000feb2a00000)]
  0x00000276fef14920 JavaThread "Sweeper thread" daemon [_thread_blocked, id=30896, stack(0x000000feb2a00000,0x000000feb2b00000)]
  0x00000276fef13f00 JavaThread "Common-Cleaner" daemon [_thread_blocked, id=27932, stack(0x000000feb2b00000,0x000000feb2c00000)]
  0x00000276fef12ac0 JavaThread "Notification Thread" daemon [_thread_blocked, id=30724, stack(0x000000feb2d00000,0x000000feb2e00000)]
  0x00000276fef14410 JavaThread "Daemon health stats" [_thread_blocked, id=31628, stack(0x000000feb3500000,0x000000feb3600000)]
  0x00000276fef15340 JavaThread "Incoming local TCP Connector on port 27793" [_thread_in_native, id=6608, stack(0x000000feb3600000,0x000000feb3700000)]
  0x00000276fef14e30 JavaThread "Daemon periodic checks" [_thread_blocked, id=29968, stack(0x000000feb3700000,0x000000feb3800000)]
  0x00000276fef15850 JavaThread "Daemon" [_thread_blocked, id=22356, stack(0x000000feb3800000,0x000000feb3900000)]
  0x00000276fef16270 JavaThread "Daemon worker" [_thread_blocked, id=31456, stack(0x000000feb3b00000,0x000000feb3c00000)]
  0x00000276b13dc730 JavaThread "Cache worker for journal cache (C:\Users\Sharif\.gradle\caches\journal-1)" [_thread_blocked, id=23060, stack(0x000000feb3f00000,0x000000feb4000000)]
  0x00000276b13d99a0 JavaThread "File lock request listener" [_thread_in_native, id=29880, stack(0x000000feb4000000,0x000000feb4100000)]
  0x00000276b13da3c0 JavaThread "Cache worker for file hash cache (C:\Users\Sharif\.gradle\caches\8.5\fileHashes)" [_thread_blocked, id=26256, stack(0x000000feb4100000,0x000000feb4200000)]
  0x00000276b13dd150 JavaThread "File watcher server" daemon [_thread_in_native, id=12508, stack(0x000000feb4200000,0x000000feb4300000)]
  0x00000276b13dd660 JavaThread "File watcher consumer" daemon [_thread_blocked, id=18420, stack(0x000000feb4300000,0x000000feb4400000)]
  0x00000276b13deaa0 JavaThread "Cache worker for file content cache (C:\Users\Sharif\.gradle\caches\8.5\fileContent)" [_thread_blocked, id=28276, stack(0x000000feb2c00000,0x000000feb2d00000)]
  0x00000276b13e1320 JavaThread "Cache worker for execution history cache (C:\Users\Sharif\.gradle\caches\8.5\executionHistory)" [_thread_blocked, id=9540, stack(0x000000feb4e00000,0x000000feb4f00000)]
  0x00000276b13defb0 JavaThread "jar transforms" [_thread_blocked, id=2512, stack(0x000000feb4f00000,0x000000feb5000000)]
  0x00000276b13df4c0 JavaThread "jar transforms Thread 2" [_thread_blocked, id=26028, stack(0x000000feb5100000,0x000000feb5200000)]
  0x00000276b13df9d0 JavaThread "jar transforms Thread 3" [_thread_blocked, id=11740, stack(0x000000feb5300000,0x000000feb5400000)]
  0x00000276b13e0e10 JavaThread "jar transforms Thread 4" [_thread_blocked, id=13272, stack(0x000000feb5400000,0x000000feb5500000)]
  0x00000276b32d9340 JavaThread "jar transforms Thread 5" [_thread_blocked, id=27216, stack(0x000000feb5500000,0x000000feb5600000)]
  0x00000276b32d6ac0 JavaThread "jar transforms Thread 6" [_thread_blocked, id=28868, stack(0x000000feb5600000,0x000000feb5700000)]
  0x00000276b32d6fd0 JavaThread "jar transforms Thread 7" [_thread_blocked, id=30104, stack(0x000000feb6000000,0x000000feb6100000)]
  0x00000276b5e55730 JavaThread "jar transforms Thread 8" [_thread_blocked, id=30420, stack(0x000000feb6f00000,0x000000feb7000000)]
  0x00000276b5e55c40 JavaThread "jar transforms Thread 9" [_thread_blocked, id=13848, stack(0x000000feb7000000,0x000000feb7100000)]
  0x00000276b5e533c0 JavaThread "jar transforms Thread 10" [_thread_blocked, id=27376, stack(0x000000feb7100000,0x000000feb7200000)]
  0x00000276b5e57080 JavaThread "jar transforms Thread 11" [_thread_blocked, id=31280, stack(0x000000feb7200000,0x000000feb7300000)]
  0x00000276b5e57590 JavaThread "jar transforms Thread 12" [_thread_blocked, id=26704, stack(0x000000feb7300000,0x000000feb7400000)]
  0x00000276b5e57aa0 JavaThread "jar transforms Thread 13" [_thread_blocked, id=30768, stack(0x000000feb7400000,0x000000feb7500000)]
  0x00000276b5e57fb0 JavaThread "jar transforms Thread 14" [_thread_blocked, id=29292, stack(0x000000feb7500000,0x000000feb7600000)]
  0x00000276b5e54800 JavaThread "Memory manager" [_thread_blocked, id=28772, stack(0x000000feb7600000,0x000000feb7700000)]
  0x00000276b64f4da0 JavaThread "Exec process" [_thread_in_native, id=28812, stack(0x000000feb8800000,0x000000feb8900000)]
  0x00000276b64f3e70 JavaThread "Exec process Thread 2" [_thread_in_native, id=30872, stack(0x000000feb8900000,0x000000feb8a00000)]
  0x00000276b64f57c0 JavaThread "Exec process Thread 3" [_thread_in_native, id=31072, stack(0x000000feb8a00000,0x000000feb8b00000)]
  0x00000276b6427ca0 JavaThread "included builds" [_thread_blocked, id=27916, stack(0x000000feba500000,0x000000feba600000)]
  0x00000276b64eed70 JavaThread "included builds" [_thread_blocked, id=28720, stack(0x000000feba800000,0x000000feba900000)]
  0x00000276b13dbd10 JavaThread "Cache worker for Java compile cache (C:\Users\Sharif\.gradle\caches\8.5\javaCompile)" [_thread_blocked, id=24368, stack(0x000000febb800000,0x000000febb900000)]
  0x00000276b19c4df0 JavaThread "Handler for socket connection from /127.0.0.1:27793 to /127.0.0.1:27882" [_thread_in_native, id=31168, stack(0x000000feb1800000,0x000000feb1900000)]
  0x00000276b19c5300 JavaThread "Cancel handler" [_thread_blocked, id=17872, stack(0x000000feb1a00000,0x000000feb1b00000)]
  0x00000276b19c5810 JavaThread "Asynchronous log dispatcher for DefaultDaemonConnection: socket connection from /127.0.0.1:27793 to /127.0.0.1:27882" [_thread_blocked, id=30860, stack(0x000000feb3900000,0x000000feb3a00000)]
  0x00000276b19c34a0 JavaThread "Stdin handler" [_thread_blocked, id=22928, stack(0x000000feb3a00000,0x000000feb3b00000)]
  0x00000276b19c6230 JavaThread "Daemon client event forwarder" [_thread_blocked, id=22576, stack(0x000000feb3c00000,0x000000feb3d00000)]
  0x00000276b19c5d20 JavaThread "Cache worker for checksums cache (C:\Users\Sharif\IdeaProjects\ApexJetforce\.gradle\8.5\checksums)" [_thread_blocked, id=1964, stack(0x000000feb3e00000,0x000000feb3f00000)]
  0x00000276b19c6740 JavaThread "Cache worker for file hash cache (C:\Users\Sharif\IdeaProjects\ApexJetforce\.gradle\8.5\fileHashes)" [_thread_blocked, id=31120, stack(0x000000feb4a00000,0x000000feb4b00000)]
  0x00000276b19c6c50 JavaThread "Cache worker for cache directory md-supplier (C:\Users\Sharif\.gradle\caches\8.5\md-supplier)" [_thread_blocked, id=4760, stack(0x000000feb4b00000,0x000000feb4c00000)]
  0x00000276b19c7160 JavaThread "Cache worker for cache directory md-rule (C:\Users\Sharif\.gradle\caches\8.5\md-rule)" [_thread_blocked, id=31232, stack(0x000000feb4c00000,0x000000feb4d00000)]
  0x00000276b19c39b0 JavaThread "Cache worker for dependencies-accessors (C:\Users\Sharif\IdeaProjects\ApexJetforce\.gradle\8.5\dependencies-accessors)" [_thread_blocked, id=30684, stack(0x000000feb4d00000,0x000000feb4e00000)]
  0x00000276b19c43d0 JavaThread "Cache worker for Build Output Cleanup Cache (C:\Users\Sharif\IdeaProjects\ApexJetforce\.gradle\buildOutputCleanup)" [_thread_blocked, id=20700, stack(0x000000feb5700000,0x000000feb5800000)]
  0x00000276b19c7670 JavaThread "Unconstrained build operations" [_thread_blocked, id=30948, stack(0x000000feb6200000,0x000000feb6300000)]
  0x00000276b19c3ec0 JavaThread "Unconstrained build operations Thread 2" [_thread_blocked, id=31104, stack(0x000000feb6300000,0x000000feb6400000)]
  0x00000276b19c7b80 JavaThread "Unconstrained build operations Thread 3" [_thread_blocked, id=7332, stack(0x000000feb6400000,0x000000feb6500000)]
  0x00000276b19c8090 JavaThread "Unconstrained build operations Thread 4" [_thread_blocked, id=22972, stack(0x000000feb6500000,0x000000feb6600000)]
  0x00000276b19c48e0 JavaThread "Unconstrained build operations Thread 5" [_thread_blocked, id=29748, stack(0x000000feb6600000,0x000000feb6700000)]
  0x00000276b19c8fc0 JavaThread "Unconstrained build operations Thread 6" [_thread_blocked, id=31716, stack(0x000000feb6700000,0x000000feb6800000)]
  0x00000276b19c8ab0 JavaThread "Unconstrained build operations Thread 7" [_thread_blocked, id=17152, stack(0x000000feb6800000,0x000000feb6900000)]
  0x00000276b19c85a0 JavaThread "Unconstrained build operations Thread 8" [_thread_blocked, id=30444, stack(0x000000feb6900000,0x000000feb6a00000)]
  0x00000276b19c94d0 JavaThread "Unconstrained build operations Thread 9" [_thread_blocked, id=27752, stack(0x000000feb6a00000,0x000000feb6b00000)]
  0x00000276b19c99e0 JavaThread "Unconstrained build operations Thread 10" [_thread_blocked, id=2368, stack(0x000000feb6b00000,0x000000feb6c00000)]
  0x00000276b19ca910 JavaThread "Unconstrained build operations Thread 11" [_thread_blocked, id=18564, stack(0x000000feb6c00000,0x000000feb6d00000)]
  0x00000276b19c9ef0 JavaThread "Unconstrained build operations Thread 12" [_thread_blocked, id=14372, stack(0x000000feb6d00000,0x000000feb6e00000)]
  0x00000276b19ca400 JavaThread "Unconstrained build operations Thread 13" [_thread_blocked, id=31064, stack(0x000000feb6e00000,0x000000feb6f00000)]
  0x00000276b6422ba0 JavaThread "build event listener" [_thread_blocked, id=25676, stack(0x000000feb7700000,0x000000feb7800000)]
  0x00000276b6421c70 JavaThread "Unconstrained build operations Thread 14" [_thread_blocked, id=28364, stack(0x000000feb7800000,0x000000feb7900000)]
  0x00000276b6422180 JavaThread "Unconstrained build operations Thread 15" [_thread_blocked, id=6900, stack(0x000000feb7900000,0x000000feb7a00000)]
  0x00000276b6423ad0 JavaThread "Unconstrained build operations Thread 16" [_thread_blocked, id=11168, stack(0x000000feb7a00000,0x000000feb7b00000)]
  0x00000276b64230b0 JavaThread "Unconstrained build operations Thread 17" [_thread_blocked, id=31172, stack(0x000000feb7b00000,0x000000feb7c00000)]
  0x00000276b6421250 JavaThread "Unconstrained build operations Thread 18" [_thread_blocked, id=23704, stack(0x000000feb7c00000,0x000000feb7d00000)]
  0x00000276b6425930 JavaThread "Unconstrained build operations Thread 19" [_thread_blocked, id=25404, stack(0x000000feb7d00000,0x000000feb7e00000)]
  0x00000276b6425e40 JavaThread "Unconstrained build operations Thread 20" [_thread_blocked, id=29472, stack(0x000000feb7e00000,0x000000feb7f00000)]
  0x00000276b6423fe0 JavaThread "Unconstrained build operations Thread 21" [_thread_blocked, id=30372, stack(0x000000feb7f00000,0x000000feb8000000)]
  0x00000276b64244f0 JavaThread "Unconstrained build operations Thread 22" [_thread_blocked, id=8308, stack(0x000000feb8000000,0x000000feb8100000)]
  0x00000276b6422690 JavaThread "Unconstrained build operations Thread 23" [_thread_blocked, id=30744, stack(0x000000feb8100000,0x000000feb8200000)]
  0x00000276b6424a00 JavaThread "Unconstrained build operations Thread 24" [_thread_blocked, id=31708, stack(0x000000feb8200000,0x000000feb8300000)]
  0x00000276b64281b0 JavaThread "Unconstrained build operations Thread 25" [_thread_blocked, id=20640, stack(0x000000feb8300000,0x000000feb8400000)]
  0x00000276b64286c0 JavaThread "Unconstrained build operations Thread 26" [_thread_blocked, id=30916, stack(0x000000feb8400000,0x000000feb8500000)]
  0x00000276b6426860 JavaThread "Unconstrained build operations Thread 27" [_thread_blocked, id=27408, stack(0x000000feb8500000,0x000000feb8600000)]
  0x00000276b6426d70 JavaThread "Unconstrained build operations Thread 28" [_thread_blocked, id=13828, stack(0x000000feb8600000,0x000000feb8700000)]
  0x00000276b6425420 JavaThread "Unconstrained build operations Thread 29" [_thread_blocked, id=26292, stack(0x000000feb8700000,0x000000feb8800000)]
  0x00000276b6426350 JavaThread "Unconstrained build operations Thread 30" [_thread_blocked, id=8420, stack(0x000000feb8b00000,0x000000feb8c00000)]
  0x00000276b6427280 JavaThread "Unconstrained build operations Thread 31" [_thread_blocked, id=31256, stack(0x000000feb8c00000,0x000000feb8d00000)]
  0x00000276b6424f10 JavaThread "Unconstrained build operations Thread 32" [_thread_blocked, id=31528, stack(0x000000feb8d00000,0x000000feb8e00000)]
  0x00000276b6428bd0 JavaThread "Unconstrained build operations Thread 33" [_thread_blocked, id=29816, stack(0x000000feb8e00000,0x000000feb8f00000)]
  0x00000276b6953320 JavaThread "Unconstrained build operations Thread 34" [_thread_blocked, id=31500, stack(0x000000feb8f00000,0x000000feb9000000)]
  0x00000276b6953830 JavaThread "Unconstrained build operations Thread 35" [_thread_blocked, id=28652, stack(0x000000feb9000000,0x000000feb9100000)]
  0x00000276b6953d40 JavaThread "Unconstrained build operations Thread 36" [_thread_blocked, id=11528, stack(0x000000feb9100000,0x000000feb9200000)]
  0x00000276b6954c70 JavaThread "Unconstrained build operations Thread 37" [_thread_blocked, id=31336, stack(0x000000feb9200000,0x000000feb9300000)]
  0x00000276b6954250 JavaThread "Unconstrained build operations Thread 38" [_thread_blocked, id=30804, stack(0x000000feb9300000,0x000000feb9400000)]
  0x00000276b6954760 JavaThread "Unconstrained build operations Thread 39" [_thread_blocked, id=26228, stack(0x000000feb9400000,0x000000feb9500000)]
  0x00000276b6955180 JavaThread "Unconstrained build operations Thread 40" [_thread_blocked, id=29988, stack(0x000000feb9500000,0x000000feb9600000)]
  0x00000276b6952900 JavaThread "Unconstrained build operations Thread 41" [_thread_blocked, id=30600, stack(0x000000feb9600000,0x000000feb9700000)]
  0x00000276b6958930 JavaThread "Unconstrained build operations Thread 42" [_thread_blocked, id=25416, stack(0x000000feb9700000,0x000000feb9800000)]
  0x00000276b6958e40 JavaThread "Unconstrained build operations Thread 43" [_thread_blocked, id=31652, stack(0x000000feb9800000,0x000000feb9900000)]
  0x00000276b6958420 JavaThread "Unconstrained build operations Thread 44" [_thread_blocked, id=31644, stack(0x000000feb9900000,0x000000feb9a00000)]
  0x00000276b6955690 JavaThread "Unconstrained build operations Thread 45" [_thread_blocked, id=13760, stack(0x000000feb9a00000,0x000000feb9b00000)]
  0x00000276b6957a00 JavaThread "Unconstrained build operations Thread 46" [_thread_blocked, id=22636, stack(0x000000feb9b00000,0x000000feb9c00000)]
  0x00000276b6959350 JavaThread "Unconstrained build operations Thread 47" [_thread_blocked, id=7612, stack(0x000000feb9c00000,0x000000feb9d00000)]
  0x00000276b6955ba0 JavaThread "Unconstrained build operations Thread 48" [_thread_blocked, id=7072, stack(0x000000feb9d00000,0x000000feb9e00000)]
  0x00000276b6959860 JavaThread "Unconstrained build operations Thread 49" [_thread_blocked, id=12316, stack(0x000000feb9e00000,0x000000feb9f00000)]
  0x00000276b69560b0 JavaThread "Unconstrained build operations Thread 50" [_thread_blocked, id=29432, stack(0x000000feb9f00000,0x000000feba000000)]
  0x00000276b695a280 JavaThread "Unconstrained build operations Thread 51" [_thread_blocked, id=27720, stack(0x000000feba000000,0x000000feba100000)]
  0x00000276b6956ad0 JavaThread "Unconstrained build operations Thread 52" [_thread_blocked, id=7904, stack(0x000000feba100000,0x000000feba200000)]
  0x00000276b6956fe0 JavaThread "Unconstrained build operations Thread 53" [_thread_blocked, id=15496, stack(0x000000feba200000,0x000000feba300000)]
  0x00000276b69574f0 JavaThread "Unconstrained build operations Thread 54" [_thread_blocked, id=27696, stack(0x000000feba300000,0x000000feba400000)]
  0x00000276b64f1b00 JavaThread "Unconstrained build operations Thread 55" [_thread_blocked, id=1804, stack(0x000000feba400000,0x000000feba500000)]
  0x00000276b64ee350 JavaThread "included builds" [_thread_blocked, id=28224, stack(0x000000feba600000,0x000000feba700000)]
  0x00000276b64f06c0 JavaThread "Execution worker" [_thread_blocked, id=30208, stack(0x000000feba700000,0x000000feba800000)]
  0x00000276b64efca0 JavaThread "Execution worker Thread 2" [_thread_blocked, id=30764, stack(0x000000feba900000,0x000000febaa00000)]
  0x00000276b64f15f0 JavaThread "Execution worker Thread 3" [_thread_blocked, id=15820, stack(0x000000febaa00000,0x000000febab00000)]
  0x00000276b64f01b0 JavaThread "Execution worker Thread 4" [_thread_blocked, id=30084, stack(0x000000febab00000,0x000000febac00000)]
  0x00000276b64f2010 JavaThread "Execution worker Thread 5" [_thread_blocked, id=27172, stack(0x000000febac00000,0x000000febad00000)]
  0x00000276b64ee860 JavaThread "Execution worker Thread 6" [_thread_blocked, id=10028, stack(0x000000febad00000,0x000000febae00000)]
  0x00000276b64f2520 JavaThread "Execution worker Thread 7" [_thread_blocked, id=29564, stack(0x000000febae00000,0x000000febaf00000)]
  0x00000276b64f0bd0 JavaThread "Execution worker Thread 8" [_thread_blocked, id=15752, stack(0x000000febaf00000,0x000000febb000000)]
  0x00000276b64f2a30 JavaThread "Execution worker Thread 9" [_thread_blocked, id=29356, stack(0x000000febb000000,0x000000febb100000)]
  0x00000276b64f10e0 JavaThread "Execution worker Thread 10" [_thread_blocked, id=29820, stack(0x000000febb100000,0x000000febb200000)]
  0x00000276b64ef790 JavaThread "Execution worker Thread 11" [_thread_blocked, id=29540, stack(0x000000febb200000,0x000000febb300000)]
  0x00000276b64ef280 JavaThread "Execution worker Thread 12" [_thread_blocked, id=24516, stack(0x000000febb300000,0x000000febb400000)]
  0x00000276b64f5cd0 JavaThread "Execution worker Thread 13" [_thread_blocked, id=27760, stack(0x000000febb400000,0x000000febb500000)]
  0x00000276b64f3960 JavaThread "Cache worker for execution history cache (C:\Users\Sharif\IdeaProjects\ApexJetforce\.gradle\8.5\executionHistory)" [_thread_blocked, id=23288, stack(0x000000febb500000,0x000000febb600000)]
  0x00000276b64f2f40 JavaThread "Unconstrained build operations Thread 56" [_thread_blocked, id=5288, stack(0x000000febb600000,0x000000febb700000)]
  0x00000276b64f4380 JavaThread "Build operations" [_thread_blocked, id=26720, stack(0x000000febb700000,0x000000febb800000)]
  0x00000276b64f3450 JavaThread "Build operations Thread 2" [_thread_blocked, id=31320, stack(0x000000febb900000,0x000000febba00000)]
  0x00000276b64f52b0 JavaThread "Build operations Thread 3" [_thread_blocked, id=4072, stack(0x000000febba00000,0x000000febbb00000)]
  0x00000276b64f4890 JavaThread "Build operations Thread 4" [_thread_blocked, id=2976, stack(0x000000febbb00000,0x000000febbc00000)]
  0x00000276b5e56660 JavaThread "Build operations Thread 5" [_thread_blocked, id=16204, stack(0x000000febbc00000,0x000000febbd00000)]
  0x00000276b5e52eb0 JavaThread "Build operations Thread 6" [_thread_blocked, id=24996, stack(0x000000febbd00000,0x000000febbe00000)]
  0x00000276b5e55220 JavaThread "Build operations Thread 7" [_thread_blocked, id=28700, stack(0x000000febbe00000,0x000000febbf00000)]
  0x00000276b5e56150 JavaThread "Build operations Thread 8" [_thread_blocked, id=6520, stack(0x000000febbf00000,0x000000febc000000)]
  0x00000276b5e56b70 JavaThread "Build operations Thread 9" [_thread_blocked, id=9044, stack(0x000000febc000000,0x000000febc100000)]
  0x00000276b5e538d0 JavaThread "Build operations Thread 10" [_thread_blocked, id=10992, stack(0x000000febc100000,0x000000febc200000)]
  0x00000276b5e53de0 JavaThread "Build operations Thread 11" [_thread_blocked, id=31160, stack(0x000000febc200000,0x000000febc300000)]
  0x00000276b5e542f0 JavaThread "Build operations Thread 12" [_thread_blocked, id=31296, stack(0x000000febc300000,0x000000febc400000)]
  0x00000276b5e593f0 JavaThread "Build operations Thread 13" [_thread_blocked, id=29336, stack(0x000000febc400000,0x000000febc500000)]
  0x00000276b5e59e10 JavaThread "Unconstrained build operations Thread 57" [_thread_blocked, id=17176, stack(0x000000febc500000,0x000000febc600000)]
  0x00000276b5e5a830 JavaThread "Unconstrained build operations Thread 58" [_thread_blocked, id=30192, stack(0x000000febc800000,0x000000febc900000)]
  0x00000276b5e584c0 JavaThread "Unconstrained build operations Thread 59" [_thread_blocked, id=23900, stack(0x000000febc900000,0x000000febca00000)]
  0x00000276b32d9d60 JavaThread "Unconstrained build operations Thread 60" [_thread_blocked, id=31340, stack(0x000000febca00000,0x000000febcb00000)]
  0x00000276b32d74e0 JavaThread "Unconstrained build operations Thread 61" [_thread_blocked, id=4800, stack(0x000000febcb00000,0x000000febcc00000)]
  0x00000276b32d8410 JavaThread "Unconstrained build operations Thread 62" [_thread_blocked, id=29552, stack(0x000000febcc00000,0x000000febcd00000)]
  0x00000276b32d79f0 JavaThread "Unconstrained build operations Thread 63" [_thread_blocked, id=22856, stack(0x000000febcd00000,0x000000febce00000)]
  0x00000276b32d7f00 JavaThread "Unconstrained build operations Thread 64" [_thread_blocked, id=29860, stack(0x000000febce00000,0x000000febcf00000)]
  0x00000276b13ddb70 JavaThread "Unconstrained build operations Thread 65" [_thread_blocked, id=28976, stack(0x000000febcf00000,0x000000febd000000)]
  0x00000276b13dc220 JavaThread "Unconstrained build operations Thread 66" [_thread_blocked, id=25940, stack(0x000000febd000000,0x000000febd100000)]

Other Threads:
  0x00000276feed0d50 VMThread "VM Thread" [stack: 0x000000feb2100000,0x000000feb2200000] [id=28028]
  0x00000276fa78a8a0 WatcherThread [stack: 0x000000feb2e00000,0x000000feb2f00000] [id=27256]
  0x00000276fa77cab0 GCTaskThread "GC Thread#0" [stack: 0x000000feb1c00000,0x000000feb1d00000] [id=11828]
  0x00000276b07ccc00 GCTaskThread "GC Thread#1" [stack: 0x000000feb3000000,0x000000feb3100000] [id=9688]
  0x00000276b07e6040 GCTaskThread "GC Thread#2" [stack: 0x000000feb3100000,0x000000feb3200000] [id=30220]
  0x00000276b0929d60 GCTaskThread "GC Thread#3" [stack: 0x000000feb3200000,0x000000feb3300000] [id=13112]
  0x00000276b092a020 GCTaskThread "GC Thread#4" [stack: 0x000000feb3300000,0x000000feb3400000] [id=3016]
  0x00000276b072a9e0 GCTaskThread "GC Thread#5" [stack: 0x000000feb3400000,0x000000feb3500000] [id=30972]
  0x00000276b48f2d70 GCTaskThread "GC Thread#6" [stack: 0x000000feb2f00000,0x000000feb3000000] [id=3264]
  0x00000276b4cfea60 GCTaskThread "GC Thread#7" [stack: 0x000000feb4400000,0x000000feb4500000] [id=28236]
  0x00000276b2ecdcf0 GCTaskThread "GC Thread#8" [stack: 0x000000feb4500000,0x000000feb4600000] [id=31452]
  0x00000276b2f3da40 GCTaskThread "GC Thread#9" [stack: 0x000000feb4600000,0x000000feb4700000] [id=31476]
  0x00000276b4afdc90 GCTaskThread "GC Thread#10" [stack: 0x000000feb4700000,0x000000feb4800000] [id=27352]
  0x00000276fa77d8e0 ConcurrentGCThread "G1 Main Marker" [stack: 0x000000feb1d00000,0x000000feb1e00000] [id=30428]
  0x00000276fa77df70 ConcurrentGCThread "G1 Conc#0" [stack: 0x000000feb1e00000,0x000000feb1f00000] [id=29948]
  0x00000276b2bd6c30 ConcurrentGCThread "G1 Conc#1" [stack: 0x000000feb4800000,0x000000feb4900000] [id=31284]
  0x00000276b432d040 ConcurrentGCThread "G1 Conc#2" [stack: 0x000000feb4900000,0x000000feb4a00000] [id=29812]
  0x00000276fa80d680 ConcurrentGCThread "G1 Refine#0" [stack: 0x000000feb1f00000,0x000000feb2000000] [id=15696]
  0x00000276b4358c30 ConcurrentGCThread "G1 Refine#1" [stack: 0x000000feb5800000,0x000000feb5900000] [id=11736]
  0x00000276b4358650 ConcurrentGCThread "G1 Refine#2" [stack: 0x000000feb5900000,0x000000feb5a00000] [id=30148]
  0x00000276b43597f0 ConcurrentGCThread "G1 Refine#3" [stack: 0x000000feb5a00000,0x000000feb5b00000] [id=25052]
  0x00000276b4358070 ConcurrentGCThread "G1 Refine#4" [stack: 0x000000feb5b00000,0x000000feb5c00000] [id=1480]
  0x00000276b4358940 ConcurrentGCThread "G1 Refine#5" [stack: 0x000000feb5c00000,0x000000feb5d00000] [id=29980]
  0x00000276b4359210 ConcurrentGCThread "G1 Refine#6" [stack: 0x000000feb5d00000,0x000000feb5e00000] [id=17184]
  0x00000276b4359ae0 ConcurrentGCThread "G1 Refine#7" [stack: 0x000000feb5e00000,0x000000feb5f00000] [id=3816]
  0x00000276b3f982d0 ConcurrentGCThread "G1 Refine#8" [stack: 0x000000feb5f00000,0x000000feb6000000] [id=27728]
  0x00000276b5575ec0 ConcurrentGCThread "G1 Refine#9" [stack: 0x000000febc600000,0x000000febc700000] [id=25884]
  0x00000276b5575bd0 ConcurrentGCThread "G1 Refine#10" [stack: 0x000000febc700000,0x000000febc800000] [id=23788]
  0x00000276fa80e980 ConcurrentGCThread "G1 Service" [stack: 0x000000feb2000000,0x000000feb2100000] [id=2484]

Threads with active compile tasks:
C2 CompilerThread0    90100 15149       4       java.util.ComparableTimSort::sort (219 bytes)

VM state: not at safepoint (normal execution)

VM Mutex/Monitor currently owned by a thread: None

Heap address: 0x00000000e0000000, size: 512 MB, Compressed Oops mode: 32-bit

CDS archive(s) mapped at: [0x0000027697000000-0x0000027697bd0000-0x0000027697bd0000), size 12386304, SharedBaseAddress: 0x0000027697000000, ArchiveRelocationMode: 1.
Compressed class space mapped at: 0x0000027698000000-0x00000276ac000000, reserved size: 335544320
Narrow klass base: 0x0000027697000000, Narrow klass shift: 0, Narrow klass range: 0x100000000

GC Precious Log:
 CPUs: 14 total, 14 available
 Memory: 15713M
 Large Page Support: Disabled
 NUMA Support: Disabled
 Compressed Oops: Enabled (32-bit)
 Heap Region Size: 1M
 Heap Min Capacity: 256M
 Heap Initial Capacity: 256M
 Heap Max Capacity: 512M
 Pre-touch: Disabled
 Parallel Workers: 11
 Concurrent Workers: 3
 Concurrent Refinement Workers: 11
 Periodic GC: Disabled

Heap:
 garbage-first heap   total 427008K, used 239679K [0x00000000e0000000, 0x0000000100000000)
  region size 1024K, 9 young (9216K), 2 survivors (2048K)
 Metaspace       used 91733K, committed 92608K, reserved 458752K
  class space    used 12568K, committed 12992K, reserved 327680K

Heap Regions: E=young(eden), S=young(survivor), O=old, HS=humongous(starts), HC=humongous(continues), CS=collection set, F=free, OA=open archive, CA=closed archive, TAMS=top-at-mark-start (previous, next)
|   0|0x00000000e0000000, 0x00000000e0100000, 0x00000000e0100000|100%|HS|  |TAMS 0x00000000e0100000, 0x00000000e0000000| Complete 
|   1|0x00000000e0100000, 0x00000000e0200000, 0x00000000e0200000|100%|HC|  |TAMS 0x00000000e0200000, 0x00000000e0100000| Complete 
|   2|0x00000000e0200000, 0x00000000e0300000, 0x00000000e0300000|100%|HC|  |TAMS 0x00000000e0300000, 0x00000000e0200000| Complete 
|   3|0x00000000e0300000, 0x00000000e0400000, 0x00000000e0400000|100%|HC|  |TAMS 0x00000000e0400000, 0x00000000e0300000| Complete 
|   4|0x00000000e0400000, 0x00000000e0500000, 0x00000000e0500000|100%| O|  |TAMS 0x00000000e0500000, 0x00000000e0400000| Untracked 
|   5|0x00000000e0500000, 0x00000000e0600000, 0x00000000e0600000|100%| O|  |TAMS 0x00000000e0600000, 0x00000000e0500000| Untracked 
|   6|0x00000000e0600000, 0x00000000e0700000, 0x00000000e0700000|100%| O|  |TAMS 0x00000000e0700000, 0x00000000e0600000| Untracked 
|   7|0x00000000e0700000, 0x00000000e0800000, 0x00000000e0800000|100%| O|  |TAMS 0x00000000e0800000, 0x00000000e0700000| Untracked 
|   8|0x00000000e0800000, 0x00000000e0900000, 0x00000000e0900000|100%| O|  |TAMS 0x00000000e0900000, 0x00000000e0800000| Untracked 
|   9|0x00000000e0900000, 0x00000000e0a00000, 0x00000000e0a00000|100%| O|  |TAMS 0x00000000e0a00000, 0x00000000e0900000| Untracked 
|  10|0x00000000e0a00000, 0x00000000e0b00000, 0x00000000e0b00000|100%| O|  |TAMS 0x00000000e0b00000, 0x00000000e0a00000| Untracked 
|  11|0x00000000e0b00000, 0x00000000e0c00000, 0x00000000e0c00000|100%| O|  |TAMS 0x00000000e0c00000, 0x00000000e0b00000| Untracked 
|  12|0x00000000e0c00000, 0x00000000e0d00000, 0x00000000e0d00000|100%| O|  |TAMS 0x00000000e0d00000, 0x00000000e0c00000| Untracked 
|  13|0x00000000e0d00000, 0x00000000e0e00000, 0x00000000e0e00000|100%| O|  |TAMS 0x00000000e0e00000, 0x00000000e0d00000| Untracked 
|  14|0x00000000e0e00000, 0x00000000e0f00000, 0x00000000e0f00000|100%| O|  |TAMS 0x00000000e0f00000, 0x00000000e0e00000| Untracked 
|  15|0x00000000e0f00000, 0x00000000e1000000, 0x00000000e1000000|100%| O|  |TAMS 0x00000000e1000000, 0x00000000e0f00000| Untracked 
|  16|0x00000000e1000000, 0x00000000e1100000, 0x00000000e1100000|100%| O|  |TAMS 0x00000000e1100000, 0x00000000e1000000| Untracked 
|  17|0x00000000e1100000, 0x00000000e1200000, 0x00000000e1200000|100%| O|  |TAMS 0x00000000e1200000, 0x00000000e1100000| Untracked 
|  18|0x00000000e1200000, 0x00000000e1300000, 0x00000000e1300000|100%| O|  |TAMS 0x00000000e1300000, 0x00000000e1200000| Untracked 
|  19|0x00000000e1300000, 0x00000000e1400000, 0x00000000e1400000|100%| O|  |TAMS 0x00000000e1400000, 0x00000000e1300000| Untracked 
|  20|0x00000000e1400000, 0x00000000e1500000, 0x00000000e1500000|100%| O|  |TAMS 0x00000000e1500000, 0x00000000e1400000| Untracked 
|  21|0x00000000e1500000, 0x00000000e1600000, 0x00000000e1600000|100%| O|  |TAMS 0x00000000e1600000, 0x00000000e1500000| Untracked 
|  22|0x00000000e1600000, 0x00000000e1700000, 0x00000000e1700000|100%| O|  |TAMS 0x00000000e1700000, 0x00000000e1600000| Untracked 
|  23|0x00000000e1700000, 0x00000000e1800000, 0x00000000e1800000|100%| O|  |TAMS 0x00000000e1800000, 0x00000000e1700000| Untracked 
|  24|0x00000000e1800000, 0x00000000e1900000, 0x00000000e1900000|100%| O|  |TAMS 0x00000000e1900000, 0x00000000e1800000| Untracked 
|  25|0x00000000e1900000, 0x00000000e1a00000, 0x00000000e1a00000|100%| O|  |TAMS 0x00000000e1a00000, 0x00000000e1900000| Untracked 
|  26|0x00000000e1a00000, 0x00000000e1b00000, 0x00000000e1b00000|100%| O|  |TAMS 0x00000000e1b00000, 0x00000000e1a00000| Untracked 
|  27|0x00000000e1b00000, 0x00000000e1c00000, 0x00000000e1c00000|100%| O|  |TAMS 0x00000000e1c00000, 0x00000000e1b00000| Untracked 
|  28|0x00000000e1c00000, 0x00000000e1d00000, 0x00000000e1d00000|100%| O|  |TAMS 0x00000000e1d00000, 0x00000000e1c00000| Untracked 
|  29|0x00000000e1d00000, 0x00000000e1e00000, 0x00000000e1e00000|100%| O|  |TAMS 0x00000000e1e00000, 0x00000000e1d00000| Untracked 
|  30|0x00000000e1e00000, 0x00000000e1f00000, 0x00000000e1f00000|100%|HS|  |TAMS 0x00000000e1f00000, 0x00000000e1e00000| Complete 
|  31|0x00000000e1f00000, 0x00000000e2000000, 0x00000000e2000000|100%| O|  |TAMS 0x00000000e2000000, 0x00000000e1f00000| Untracked 
|  32|0x00000000e2000000, 0x00000000e2100000, 0x00000000e2100000|100%| O|  |TAMS 0x00000000e2100000, 0x00000000e2000000| Untracked 
|  33|0x00000000e2100000, 0x00000000e2200000, 0x00000000e2200000|100%|HS|  |TAMS 0x00000000e2200000, 0x00000000e2100000| Complete 
|  34|0x00000000e2200000, 0x00000000e2300000, 0x00000000e2300000|100%|HC|  |TAMS 0x00000000e2300000, 0x00000000e2200000| Complete 
|  35|0x00000000e2300000, 0x00000000e2400000, 0x00000000e2400000|100%|HS|  |TAMS 0x00000000e2400000, 0x00000000e2300000| Complete 
|  36|0x00000000e2400000, 0x00000000e2500000, 0x00000000e2500000|100%|HC|  |TAMS 0x00000000e2500000, 0x00000000e2400000| Complete 
|  37|0x00000000e2500000, 0x00000000e2600000, 0x00000000e2600000|100%|HC|  |TAMS 0x00000000e2600000, 0x00000000e2500000| Complete 
|  38|0x00000000e2600000, 0x00000000e2700000, 0x00000000e2700000|100%|HC|  |TAMS 0x00000000e2700000, 0x00000000e2600000| Complete 
|  39|0x00000000e2700000, 0x00000000e2800000, 0x00000000e2800000|100%|HS|  |TAMS 0x00000000e2800000, 0x00000000e2700000| Complete 
|  40|0x00000000e2800000, 0x00000000e2900000, 0x00000000e2900000|100%|HC|  |TAMS 0x00000000e2900000, 0x00000000e2800000| Complete 
|  41|0x00000000e2900000, 0x00000000e2a00000, 0x00000000e2a00000|100%|HS|  |TAMS 0x00000000e2a00000, 0x00000000e2900000| Complete 
|  42|0x00000000e2a00000, 0x00000000e2b00000, 0x00000000e2b00000|100%|HC|  |TAMS 0x00000000e2b00000, 0x00000000e2a00000| Complete 
|  43|0x00000000e2b00000, 0x00000000e2c00000, 0x00000000e2c00000|100%|HC|  |TAMS 0x00000000e2c00000, 0x00000000e2b00000| Complete 
|  44|0x00000000e2c00000, 0x00000000e2d00000, 0x00000000e2d00000|100%|HC|  |TAMS 0x00000000e2d00000, 0x00000000e2c00000| Complete 
|  45|0x00000000e2d00000, 0x00000000e2e00000, 0x00000000e2e00000|100%| O|  |TAMS 0x00000000e2e00000, 0x00000000e2d00000| Untracked 
|  46|0x00000000e2e00000, 0x00000000e2f00000, 0x00000000e2f00000|100%| O|  |TAMS 0x00000000e2f00000, 0x00000000e2e00000| Untracked 
|  47|0x00000000e2f00000, 0x00000000e3000000, 0x00000000e3000000|100%| O|  |TAMS 0x00000000e3000000, 0x00000000e2f00000| Untracked 
|  48|0x00000000e3000000, 0x00000000e3100000, 0x00000000e3100000|100%| O|  |TAMS 0x00000000e3100000, 0x00000000e3000000| Untracked 
|  49|0x00000000e3100000, 0x00000000e3200000, 0x00000000e3200000|100%| O|  |TAMS 0x00000000e3200000, 0x00000000e3100000| Untracked 
|  50|0x00000000e3200000, 0x00000000e3300000, 0x00000000e3300000|100%| O|  |TAMS 0x00000000e3300000, 0x00000000e3200000| Untracked 
|  51|0x00000000e3300000, 0x00000000e3400000, 0x00000000e3400000|100%| O|  |TAMS 0x00000000e3400000, 0x00000000e3300000| Untracked 
|  52|0x00000000e3400000, 0x00000000e3500000, 0x00000000e3500000|100%| O|  |TAMS 0x00000000e3500000, 0x00000000e3400000| Untracked 
|  53|0x00000000e3500000, 0x00000000e3600000, 0x00000000e3600000|100%| O|  |TAMS 0x00000000e3600000, 0x00000000e3500000| Complete 
|  54|0x00000000e3600000, 0x00000000e3700000, 0x00000000e3700000|100%| O|  |TAMS 0x00000000e3700000, 0x00000000e3600000| Untracked 
|  55|0x00000000e3700000, 0x00000000e3800000, 0x00000000e3800000|100%|HS|  |TAMS 0x00000000e3700000, 0x00000000e3700000| Complete 
|  56|0x00000000e3800000, 0x00000000e3900000, 0x00000000e3900000|100%| O|  |TAMS 0x00000000e3900000, 0x00000000e3800000| Untracked 
|  57|0x00000000e3900000, 0x00000000e3a00000, 0x00000000e3a00000|100%| O|  |TAMS 0x00000000e3a00000, 0x00000000e3900000| Untracked 
|  58|0x00000000e3a00000, 0x00000000e3b00000, 0x00000000e3b00000|100%| O|  |TAMS 0x00000000e3b00000, 0x00000000e3a00000| Untracked 
|  59|0x00000000e3b00000, 0x00000000e3c00000, 0x00000000e3c00000|100%| O|  |TAMS 0x00000000e3c00000, 0x00000000e3b00000| Untracked 
|  60|0x00000000e3c00000, 0x00000000e3d00000, 0x00000000e3d00000|100%| O|  |TAMS 0x00000000e3d00000, 0x00000000e3c00000| Untracked 
|  61|0x00000000e3d00000, 0x00000000e3e00000, 0x00000000e3e00000|100%| O|  |TAMS 0x00000000e3e00000, 0x00000000e3d00000| Untracked 
|  62|0x00000000e3e00000, 0x00000000e3f00000, 0x00000000e3f00000|100%| O|  |TAMS 0x00000000e3f00000, 0x00000000e3e00000| Untracked 
|  63|0x00000000e3f00000, 0x00000000e4000000, 0x00000000e4000000|100%|HS|  |TAMS 0x00000000e4000000, 0x00000000e3f00000| Complete 
|  64|0x00000000e4000000, 0x00000000e4100000, 0x00000000e4100000|100%| O|  |TAMS 0x00000000e4000000, 0x00000000e4000000| Untracked 
|  65|0x00000000e4100000, 0x00000000e4200000, 0x00000000e4200000|100%| O|  |TAMS 0x00000000e4200000, 0x00000000e4100000| Untracked 
|  66|0x00000000e4200000, 0x00000000e4300000, 0x00000000e4300000|100%| O|  |TAMS 0x00000000e4300000, 0x00000000e4200000| Untracked 
|  67|0x00000000e4300000, 0x00000000e4400000, 0x00000000e4400000|100%| O|  |TAMS 0x00000000e4400000, 0x00000000e4300000| Untracked 
|  68|0x00000000e4400000, 0x00000000e4500000, 0x00000000e4500000|100%| O|  |TAMS 0x00000000e4500000, 0x00000000e4400000| Untracked 
|  69|0x00000000e4500000, 0x00000000e4600000, 0x00000000e4600000|100%| O|  |TAMS 0x00000000e4600000, 0x00000000e4500000| Untracked 
|  70|0x00000000e4600000, 0x00000000e4700000, 0x00000000e4700000|100%| O|  |TAMS 0x00000000e4700000, 0x00000000e4600000| Untracked 
|  71|0x00000000e4700000, 0x00000000e4800000, 0x00000000e4800000|100%| O|  |TAMS 0x00000000e4800000, 0x00000000e4700000| Untracked 
|  72|0x00000000e4800000, 0x00000000e4900000, 0x00000000e4900000|100%| O|  |TAMS 0x00000000e4900000, 0x00000000e4800000| Untracked 
|  73|0x00000000e4900000, 0x00000000e4a00000, 0x00000000e4a00000|100%| O|  |TAMS 0x00000000e4a00000, 0x00000000e4900000| Untracked 
|  74|0x00000000e4a00000, 0x00000000e4b00000, 0x00000000e4b00000|100%| O|  |TAMS 0x00000000e4b00000, 0x00000000e4a00000| Untracked 
|  75|0x00000000e4b00000, 0x00000000e4c00000, 0x00000000e4c00000|100%| O|  |TAMS 0x00000000e4c00000, 0x00000000e4b00000| Untracked 
|  76|0x00000000e4c00000, 0x00000000e4d00000, 0x00000000e4d00000|100%|HS|  |TAMS 0x00000000e4d00000, 0x00000000e4c00000| Complete 
|  77|0x00000000e4d00000, 0x00000000e4e00000, 0x00000000e4e00000|100%|HC|  |TAMS 0x00000000e4e00000, 0x00000000e4d00000| Complete 
|  78|0x00000000e4e00000, 0x00000000e4f00000, 0x00000000e4f00000|100%| O|  |TAMS 0x00000000e4f00000, 0x00000000e4e00000| Complete 
|  79|0x00000000e4f00000, 0x00000000e5000000, 0x00000000e5000000|100%| O|  |TAMS 0x00000000e5000000, 0x00000000e4f00000| Untracked 
|  80|0x00000000e5000000, 0x00000000e5100000, 0x00000000e5100000|100%| O|  |TAMS 0x00000000e5100000, 0x00000000e5000000| Untracked 
|  81|0x00000000e5100000, 0x00000000e5200000, 0x00000000e5200000|100%| O|  |TAMS 0x00000000e5200000, 0x00000000e5100000| Untracked 
|  82|0x00000000e5200000, 0x00000000e5300000, 0x00000000e5300000|100%| O|  |TAMS 0x00000000e5300000, 0x00000000e5200000| Untracked 
|  83|0x00000000e5300000, 0x00000000e5400000, 0x00000000e5400000|100%| O|  |TAMS 0x00000000e5400000, 0x00000000e5300000| Untracked 
|  84|0x00000000e5400000, 0x00000000e5500000, 0x00000000e5500000|100%| O|  |TAMS 0x00000000e5400000, 0x00000000e5400000| Untracked 
|  85|0x00000000e5500000, 0x00000000e5600000, 0x00000000e5600000|100%| O|  |TAMS 0x00000000e5600000, 0x00000000e5500000| Untracked 
|  86|0x00000000e5600000, 0x00000000e5700000, 0x00000000e5700000|100%| O|  |TAMS 0x00000000e5700000, 0x00000000e5600000| Untracked 
|  87|0x00000000e5700000, 0x00000000e5800000, 0x00000000e5800000|100%| O|  |TAMS 0x00000000e5800000, 0x00000000e5700000| Untracked 
|  88|0x00000000e5800000, 0x00000000e5900000, 0x00000000e5900000|100%| O|  |TAMS 0x00000000e5900000, 0x00000000e5800000| Untracked 
|  89|0x00000000e5900000, 0x00000000e5a00000, 0x00000000e5a00000|100%| O|  |TAMS 0x00000000e5a00000, 0x00000000e5900000| Untracked 
|  90|0x00000000e5a00000, 0x00000000e5b00000, 0x00000000e5b00000|100%| O|  |TAMS 0x00000000e5b00000, 0x00000000e5a00000| Untracked 
|  91|0x00000000e5b00000, 0x00000000e5c00000, 0x00000000e5c00000|100%| O|  |TAMS 0x00000000e5c00000, 0x00000000e5b00000| Untracked 
|  92|0x00000000e5c00000, 0x00000000e5d00000, 0x00000000e5d00000|100%|HS|  |TAMS 0x00000000e5d00000, 0x00000000e5c00000| Complete 
|  93|0x00000000e5d00000, 0x00000000e5e00000, 0x00000000e5e00000|100%|HC|  |TAMS 0x00000000e5e00000, 0x00000000e5d00000| Complete 
|  94|0x00000000e5e00000, 0x00000000e5f00000, 0x00000000e5f00000|100%| O|  |TAMS 0x00000000e5f00000, 0x00000000e5e00000| Untracked 
|  95|0x00000000e5f00000, 0x00000000e6000000, 0x00000000e6000000|100%| O|  |TAMS 0x00000000e6000000, 0x00000000e5f00000| Untracked 
|  96|0x00000000e6000000, 0x00000000e6100000, 0x00000000e6100000|100%| O|  |TAMS 0x00000000e6100000, 0x00000000e6000000| Untracked 
|  97|0x00000000e6100000, 0x00000000e6200000, 0x00000000e6200000|100%| O|  |TAMS 0x00000000e6100000, 0x00000000e6100000| Untracked 
|  98|0x00000000e6200000, 0x00000000e6300000, 0x00000000e6300000|100%| O|  |TAMS 0x00000000e6300000, 0x00000000e6200000| Untracked 
|  99|0x00000000e6300000, 0x00000000e6400000, 0x00000000e6400000|100%| O|  |TAMS 0x00000000e6400000, 0x00000000e6300000| Untracked 
| 100|0x00000000e6400000, 0x00000000e6500000, 0x00000000e6500000|100%| O|  |TAMS 0x00000000e6500000, 0x00000000e6400000| Untracked 
| 101|0x00000000e6500000, 0x00000000e6600000, 0x00000000e6600000|100%| O|  |TAMS 0x00000000e6600000, 0x00000000e6500000| Untracked 
| 102|0x00000000e6600000, 0x00000000e6700000, 0x00000000e6700000|100%| O|  |TAMS 0x00000000e6700000, 0x00000000e6600000| Untracked 
| 103|0x00000000e6700000, 0x00000000e6800000, 0x00000000e6800000|100%| O|  |TAMS 0x00000000e6800000, 0x00000000e6700000| Untracked 
| 104|0x00000000e6800000, 0x00000000e6900000, 0x00000000e6900000|100%| O|  |TAMS 0x00000000e6900000, 0x00000000e6800000| Untracked 
| 105|0x00000000e6900000, 0x00000000e6a00000, 0x00000000e6a00000|100%| O|  |TAMS 0x00000000e6a00000, 0x00000000e6900000| Untracked 
| 106|0x00000000e6a00000, 0x00000000e6a00000, 0x00000000e6b00000|  0%| F|  |TAMS 0x00000000e6a00000, 0x00000000e6a00000| Untracked 
| 107|0x00000000e6b00000, 0x00000000e6b00000, 0x00000000e6c00000|  0%| F|  |TAMS 0x00000000e6b00000, 0x00000000e6b00000| Untracked 
| 108|0x00000000e6c00000, 0x00000000e6d00000, 0x00000000e6d00000|100%| O|  |TAMS 0x00000000e6d00000, 0x00000000e6c00000| Complete 
| 109|0x00000000e6d00000, 0x00000000e6d00000, 0x00000000e6e00000|  0%| F|  |TAMS 0x00000000e6d00000, 0x00000000e6d00000| Untracked 
| 110|0x00000000e6e00000, 0x00000000e6f00000, 0x00000000e6f00000|100%| O|  |TAMS 0x00000000e6f00000, 0x00000000e6e00000| Untracked 
| 111|0x00000000e6f00000, 0x00000000e6f00000, 0x00000000e7000000|  0%| F|  |TAMS 0x00000000e6f00000, 0x00000000e6f00000| Untracked 
| 112|0x00000000e7000000, 0x00000000e7000000, 0x00000000e7100000|  0%| F|  |TAMS 0x00000000e7000000, 0x00000000e7000000| Untracked 
| 113|0x00000000e7100000, 0x00000000e7100000, 0x00000000e7200000|  0%| F|  |TAMS 0x00000000e7100000, 0x00000000e7100000| Untracked 
| 114|0x00000000e7200000, 0x00000000e7300000, 0x00000000e7300000|100%| O|  |TAMS 0x00000000e7300000, 0x00000000e7200000| Complete 
| 115|0x00000000e7300000, 0x00000000e7400000, 0x00000000e7400000|100%| O|  |TAMS 0x00000000e7400000, 0x00000000e7300000| Untracked 
| 116|0x00000000e7400000, 0x00000000e7500000, 0x00000000e7500000|100%| O|  |TAMS 0x00000000e7500000, 0x00000000e7400000| Untracked 
| 117|0x00000000e7500000, 0x00000000e7600000, 0x00000000e7600000|100%| O|  |TAMS 0x00000000e7600000, 0x00000000e7500000| Untracked 
| 118|0x00000000e7600000, 0x00000000e7700000, 0x00000000e7700000|100%| O|  |TAMS 0x00000000e7700000, 0x00000000e7600000| Untracked 
| 119|0x00000000e7700000, 0x00000000e7800000, 0x00000000e7800000|100%| O|  |TAMS 0x00000000e7800000, 0x00000000e7700000| Untracked 
| 120|0x00000000e7800000, 0x00000000e7900000, 0x00000000e7900000|100%| O|  |TAMS 0x00000000e7900000, 0x00000000e7800000| Untracked 
| 121|0x00000000e7900000, 0x00000000e7a00000, 0x00000000e7a00000|100%| O|  |TAMS 0x00000000e7a00000, 0x00000000e7900000| Untracked 
| 122|0x00000000e7a00000, 0x00000000e7b00000, 0x00000000e7b00000|100%| O|  |TAMS 0x00000000e7b00000, 0x00000000e7a00000| Untracked 
| 123|0x00000000e7b00000, 0x00000000e7c00000, 0x00000000e7c00000|100%| O|  |TAMS 0x00000000e7c00000, 0x00000000e7b00000| Untracked 
| 124|0x00000000e7c00000, 0x00000000e7d00000, 0x00000000e7d00000|100%| O|  |TAMS 0x00000000e7d00000, 0x00000000e7c00000| Untracked 
| 125|0x00000000e7d00000, 0x00000000e7e00000, 0x00000000e7e00000|100%| O|  |TAMS 0x00000000e7e00000, 0x00000000e7d00000| Untracked 
| 126|0x00000000e7e00000, 0x00000000e7f00000, 0x00000000e7f00000|100%| O|  |TAMS 0x00000000e7e00000, 0x00000000e7e00000| Untracked 
| 127|0x00000000e7f00000, 0x00000000e8000000, 0x00000000e8000000|100%|HS|  |TAMS 0x00000000e7f00000, 0x00000000e7f00000| Complete 
| 128|0x00000000e8000000, 0x00000000e8100000, 0x00000000e8100000|100%| O|  |TAMS 0x00000000e8100000, 0x00000000e8000000| Untracked 
| 129|0x00000000e8100000, 0x00000000e8200000, 0x00000000e8200000|100%| O|  |TAMS 0x00000000e8200000, 0x00000000e8100000| Untracked 
| 130|0x00000000e8200000, 0x00000000e8300000, 0x00000000e8300000|100%| O|  |TAMS 0x00000000e8300000, 0x00000000e8200000| Untracked 
| 131|0x00000000e8300000, 0x00000000e8300000, 0x00000000e8400000|  0%| F|  |TAMS 0x00000000e8300000, 0x00000000e8300000| Untracked 
| 132|0x00000000e8400000, 0x00000000e8500000, 0x00000000e8500000|100%| O|  |TAMS 0x00000000e8500000, 0x00000000e8400000| Untracked 
| 133|0x00000000e8500000, 0x00000000e8600000, 0x00000000e8600000|100%| O|  |TAMS 0x00000000e8500000, 0x00000000e8500000| Untracked 
| 134|0x00000000e8600000, 0x00000000e8700000, 0x00000000e8700000|100%| O|  |TAMS 0x00000000e8700000, 0x00000000e8600000| Untracked 
| 135|0x00000000e8700000, 0x00000000e8800000, 0x00000000e8800000|100%| O|  |TAMS 0x00000000e8800000, 0x00000000e8700000| Untracked 
| 136|0x00000000e8800000, 0x00000000e8900000, 0x00000000e8900000|100%| O|  |TAMS 0x00000000e8900000, 0x00000000e8800000| Untracked 
| 137|0x00000000e8900000, 0x00000000e8a00000, 0x00000000e8a00000|100%| O|  |TAMS 0x00000000e8a00000, 0x00000000e8900000| Untracked 
| 138|0x00000000e8a00000, 0x00000000e8b00000, 0x00000000e8b00000|100%| O|  |TAMS 0x00000000e8b00000, 0x00000000e8a00000| Untracked 
| 139|0x00000000e8b00000, 0x00000000e8c00000, 0x00000000e8c00000|100%| O|  |TAMS 0x00000000e8c00000, 0x00000000e8b00000| Untracked 
| 140|0x00000000e8c00000, 0x00000000e8d00000, 0x00000000e8d00000|100%| O|  |TAMS 0x00000000e8d00000, 0x00000000e8c00000| Untracked 
| 141|0x00000000e8d00000, 0x00000000e8e00000, 0x00000000e8e00000|100%| O|  |TAMS 0x00000000e8e00000, 0x00000000e8d00000| Untracked 
| 142|0x00000000e8e00000, 0x00000000e8f00000, 0x00000000e8f00000|100%| O|  |TAMS 0x00000000e8f00000, 0x00000000e8e00000| Untracked 
| 143|0x00000000e8f00000, 0x00000000e9000000, 0x00000000e9000000|100%| O|  |TAMS 0x00000000e9000000, 0x00000000e8f00000| Untracked 
| 144|0x00000000e9000000, 0x00000000e9100000, 0x00000000e9100000|100%| O|  |TAMS 0x00000000e9100000, 0x00000000e9000000| Untracked 
| 145|0x00000000e9100000, 0x00000000e9200000, 0x00000000e9200000|100%| O|  |TAMS 0x00000000e9200000, 0x00000000e9100000| Untracked 
| 146|0x00000000e9200000, 0x00000000e9300000, 0x00000000e9300000|100%| O|  |TAMS 0x00000000e9300000, 0x00000000e9200000| Untracked 
| 147|0x00000000e9300000, 0x00000000e9400000, 0x00000000e9400000|100%| O|  |TAMS 0x00000000e9400000, 0x00000000e9300000| Untracked 
| 148|0x00000000e9400000, 0x00000000e9500000, 0x00000000e9500000|100%| O|  |TAMS 0x00000000e9500000, 0x00000000e9400000| Untracked 
| 149|0x00000000e9500000, 0x00000000e9600000, 0x00000000e9600000|100%| O|  |TAMS 0x00000000e9600000, 0x00000000e9500000| Complete 
| 150|0x00000000e9600000, 0x00000000e9600000, 0x00000000e9700000|  0%| F|  |TAMS 0x00000000e9600000, 0x00000000e9600000| Untracked 
| 151|0x00000000e9700000, 0x00000000e9800000, 0x00000000e9800000|100%| O|  |TAMS 0x00000000e9800000, 0x00000000e9700000| Untracked 
| 152|0x00000000e9800000, 0x00000000e9800000, 0x00000000e9900000|  0%| F|  |TAMS 0x00000000e9800000, 0x00000000e9800000| Untracked 
| 153|0x00000000e9900000, 0x00000000e9a00000, 0x00000000e9a00000|100%| O|  |TAMS 0x00000000e9a00000, 0x00000000e9900000| Untracked 
| 154|0x00000000e9a00000, 0x00000000e9b00000, 0x00000000e9b00000|100%| O|  |TAMS 0x00000000e9b00000, 0x00000000e9a00000| Untracked 
| 155|0x00000000e9b00000, 0x00000000e9b00000, 0x00000000e9c00000|  0%| F|  |TAMS 0x00000000e9b00000, 0x00000000e9b00000| Untracked 
| 156|0x00000000e9c00000, 0x00000000e9d00000, 0x00000000e9d00000|100%| O|  |TAMS 0x00000000e9c00000, 0x00000000e9c00000| Untracked 
| 157|0x00000000e9d00000, 0x00000000e9e00000, 0x00000000e9e00000|100%| O|  |TAMS 0x00000000e9d00000, 0x00000000e9d00000| Untracked 
| 158|0x00000000e9e00000, 0x00000000e9f00000, 0x00000000e9f00000|100%| O|  |TAMS 0x00000000e9f00000, 0x00000000e9e00000| Untracked 
| 159|0x00000000e9f00000, 0x00000000ea000000, 0x00000000ea000000|100%|HS|  |TAMS 0x00000000e9f00000, 0x00000000e9f00000| Complete 
| 160|0x00000000ea000000, 0x00000000ea100000, 0x00000000ea100000|100%|HC|  |TAMS 0x00000000ea000000, 0x00000000ea000000| Complete 
| 161|0x00000000ea100000, 0x00000000ea100000, 0x00000000ea200000|  0%| F|  |TAMS 0x00000000ea100000, 0x00000000ea100000| Untracked 
| 162|0x00000000ea200000, 0x00000000ea300000, 0x00000000ea300000|100%| O|  |TAMS 0x00000000ea300000, 0x00000000ea200000| Untracked 
| 163|0x00000000ea300000, 0x00000000ea400000, 0x00000000ea400000|100%| O|  |TAMS 0x00000000ea400000, 0x00000000ea300000| Untracked 
| 164|0x00000000ea400000, 0x00000000ea500000, 0x00000000ea500000|100%|HS|  |TAMS 0x00000000ea400000, 0x00000000ea400000| Complete 
| 165|0x00000000ea500000, 0x00000000ea600000, 0x00000000ea600000|100%|HC|  |TAMS 0x00000000ea500000, 0x00000000ea500000| Complete 
| 166|0x00000000ea600000, 0x00000000ea700000, 0x00000000ea700000|100%| O|  |TAMS 0x00000000ea600000, 0x00000000ea600000| Untracked 
| 167|0x00000000ea700000, 0x00000000ea800000, 0x00000000ea800000|100%| O|  |TAMS 0x00000000ea700000, 0x00000000ea700000| Untracked 
| 168|0x00000000ea800000, 0x00000000ea900000, 0x00000000ea900000|100%| O|  |TAMS 0x00000000ea900000, 0x00000000ea800000| Untracked 
| 169|0x00000000ea900000, 0x00000000eaa00000, 0x00000000eaa00000|100%| O|  |TAMS 0x00000000eaa00000, 0x00000000ea900000| Untracked 
| 170|0x00000000eaa00000, 0x00000000eab00000, 0x00000000eab00000|100%| O|  |TAMS 0x00000000eab00000, 0x00000000eaa00000| Untracked 
| 171|0x00000000eab00000, 0x00000000eac00000, 0x00000000eac00000|100%| O|  |TAMS 0x00000000eab00000, 0x00000000eab00000| Untracked 
| 172|0x00000000eac00000, 0x00000000ead00000, 0x00000000ead00000|100%| O|  |TAMS 0x00000000eac00000, 0x00000000eac00000| Untracked 
| 173|0x00000000ead00000, 0x00000000eae00000, 0x00000000eae00000|100%| O|  |TAMS 0x00000000ead00000, 0x00000000ead00000| Untracked 
| 174|0x00000000eae00000, 0x00000000eae00000, 0x00000000eaf00000|  0%| F|  |TAMS 0x00000000eae00000, 0x00000000eae00000| Untracked 
| 175|0x00000000eaf00000, 0x00000000eb000000, 0x00000000eb000000|100%| O|  |TAMS 0x00000000eb000000, 0x00000000eaf00000| Complete 
| 176|0x00000000eb000000, 0x00000000eb100000, 0x00000000eb100000|100%| O|  |TAMS 0x00000000eb100000, 0x00000000eb000000| Untracked 
| 177|0x00000000eb100000, 0x00000000eb200000, 0x00000000eb200000|100%| O|  |TAMS 0x00000000eb100000, 0x00000000eb100000| Untracked 
| 178|0x00000000eb200000, 0x00000000eb300000, 0x00000000eb300000|100%| O|  |TAMS 0x00000000eb300000, 0x00000000eb200000| Untracked 
| 179|0x00000000eb300000, 0x00000000eb400000, 0x00000000eb400000|100%|HS|  |TAMS 0x00000000eb400000, 0x00000000eb300000| Complete 
| 180|0x00000000eb400000, 0x00000000eb500000, 0x00000000eb500000|100%|HC|  |TAMS 0x00000000eb500000, 0x00000000eb400000| Complete 
| 181|0x00000000eb500000, 0x00000000eb600000, 0x00000000eb600000|100%|HC|  |TAMS 0x00000000eb600000, 0x00000000eb500000| Complete 
| 182|0x00000000eb600000, 0x00000000eb700000, 0x00000000eb700000|100%| O|  |TAMS 0x00000000eb600000, 0x00000000eb600000| Untracked 
| 183|0x00000000eb700000, 0x00000000eb800000, 0x00000000eb800000|100%| O|  |TAMS 0x00000000eb700000, 0x00000000eb700000| Untracked 
| 184|0x00000000eb800000, 0x00000000eb900000, 0x00000000eb900000|100%| O|  |TAMS 0x00000000eb800000, 0x00000000eb800000| Untracked 
| 185|0x00000000eb900000, 0x00000000eba00000, 0x00000000eba00000|100%| O|  |TAMS 0x00000000eba00000, 0x00000000eb900000| Complete 
| 186|0x00000000eba00000, 0x00000000ebb00000, 0x00000000ebb00000|100%| O|  |TAMS 0x00000000ebb00000, 0x00000000eba00000| Untracked 
| 187|0x00000000ebb00000, 0x00000000ebc00000, 0x00000000ebc00000|100%| O|  |TAMS 0x00000000ebb00000, 0x00000000ebb00000| Untracked 
| 188|0x00000000ebc00000, 0x00000000ebd00000, 0x00000000ebd00000|100%| O|  |TAMS 0x00000000ebc00000, 0x00000000ebc00000| Untracked 
| 189|0x00000000ebd00000, 0x00000000ebe00000, 0x00000000ebe00000|100%| O|  |TAMS 0x00000000ebe00000, 0x00000000ebd00000| Untracked 
| 190|0x00000000ebe00000, 0x00000000ebf00000, 0x00000000ebf00000|100%| O|  |TAMS 0x00000000ebf00000, 0x00000000ebe00000| Untracked 
| 191|0x00000000ebf00000, 0x00000000ec000000, 0x00000000ec000000|100%| O|  |TAMS 0x00000000ebf00000, 0x00000000ebf00000| Untracked 
| 192|0x00000000ec000000, 0x00000000ec100000, 0x00000000ec100000|100%| O|  |TAMS 0x00000000ec000000, 0x00000000ec000000| Untracked 
| 193|0x00000000ec100000, 0x00000000ec200000, 0x00000000ec200000|100%| O|  |TAMS 0x00000000ec100000, 0x00000000ec100000| Untracked 
| 194|0x00000000ec200000, 0x00000000ec300000, 0x00000000ec300000|100%| O|  |TAMS 0x00000000ec200000, 0x00000000ec200000| Untracked 
| 195|0x00000000ec300000, 0x00000000ec400000, 0x00000000ec400000|100%| O|  |TAMS 0x00000000ec300000, 0x00000000ec300000| Untracked 
| 196|0x00000000ec400000, 0x00000000ec500000, 0x00000000ec500000|100%| O|  |TAMS 0x00000000ec500000, 0x00000000ec400000| Complete 
| 197|0x00000000ec500000, 0x00000000ec600000, 0x00000000ec600000|100%| O|  |TAMS 0x00000000ec500000, 0x00000000ec500000| Untracked 
| 198|0x00000000ec600000, 0x00000000ec700000, 0x00000000ec700000|100%| O|  |TAMS 0x00000000ec600000, 0x00000000ec600000| Untracked 
| 199|0x00000000ec700000, 0x00000000ec800000, 0x00000000ec800000|100%| O|  |TAMS 0x00000000ec700000, 0x00000000ec700000| Untracked 
| 200|0x00000000ec800000, 0x00000000ec900000, 0x00000000ec900000|100%| O|  |TAMS 0x00000000ec800000, 0x00000000ec800000| Untracked 
| 201|0x00000000ec900000, 0x00000000eca00000, 0x00000000eca00000|100%| O|  |TAMS 0x00000000ec900000, 0x00000000ec900000| Untracked 
| 202|0x00000000eca00000, 0x00000000ecb00000, 0x00000000ecb00000|100%| O|  |TAMS 0x00000000eca00000, 0x00000000eca00000| Untracked 
| 203|0x00000000ecb00000, 0x00000000ecc00000, 0x00000000ecc00000|100%| O|  |TAMS 0x00000000ecb00000, 0x00000000ecb00000| Untracked 
| 204|0x00000000ecc00000, 0x00000000ecd00000, 0x00000000ecd00000|100%| O|  |TAMS 0x00000000ecc00000, 0x00000000ecc00000| Untracked 
| 205|0x00000000ecd00000, 0x00000000ece00000, 0x00000000ece00000|100%| O|  |TAMS 0x00000000ecd00000, 0x00000000ecd00000| Untracked 
| 206|0x00000000ece00000, 0x00000000ecf00000, 0x00000000ecf00000|100%| O|  |TAMS 0x00000000ece00000, 0x00000000ece00000| Untracked 
| 207|0x00000000ecf00000, 0x00000000ed000000, 0x00000000ed000000|100%| O|  |TAMS 0x00000000ecf00000, 0x00000000ecf00000| Untracked 
| 208|0x00000000ed000000, 0x00000000ed100000, 0x00000000ed100000|100%| O|  |TAMS 0x00000000ed000000, 0x00000000ed000000| Untracked 
| 209|0x00000000ed100000, 0x00000000ed200000, 0x00000000ed200000|100%| O|  |TAMS 0x00000000ed100000, 0x00000000ed100000| Untracked 
| 210|0x00000000ed200000, 0x00000000ed300000, 0x00000000ed300000|100%| O|  |TAMS 0x00000000ed200000, 0x00000000ed200000| Untracked 
| 211|0x00000000ed300000, 0x00000000ed400000, 0x00000000ed400000|100%| O|  |TAMS 0x00000000ed300000, 0x00000000ed300000| Untracked 
| 212|0x00000000ed400000, 0x00000000ed500000, 0x00000000ed500000|100%| O|  |TAMS 0x00000000ed400000, 0x00000000ed400000| Untracked 
| 213|0x00000000ed500000, 0x00000000ed600000, 0x00000000ed600000|100%| O|  |TAMS 0x00000000ed500000, 0x00000000ed500000| Untracked 
| 214|0x00000000ed600000, 0x00000000ed700000, 0x00000000ed700000|100%| O|  |TAMS 0x00000000ed600000, 0x00000000ed600000| Untracked 
| 215|0x00000000ed700000, 0x00000000ed769e00, 0x00000000ed800000| 41%| O|  |TAMS 0x00000000ed700000, 0x00000000ed700000| Untracked 
| 216|0x00000000ed800000, 0x00000000ed800000, 0x00000000ed900000|  0%| F|  |TAMS 0x00000000ed800000, 0x00000000ed800000| Untracked 
| 217|0x00000000ed900000, 0x00000000ed900000, 0x00000000eda00000|  0%| F|  |TAMS 0x00000000ed900000, 0x00000000ed900000| Untracked 
| 218|0x00000000eda00000, 0x00000000eda00000, 0x00000000edb00000|  0%| F|  |TAMS 0x00000000eda00000, 0x00000000eda00000| Untracked 
| 219|0x00000000edb00000, 0x00000000edc00000, 0x00000000edc00000|100%| O|  |TAMS 0x00000000edc00000, 0x00000000edb00000| Untracked 
| 220|0x00000000edc00000, 0x00000000edd00000, 0x00000000edd00000|100%| O|  |TAMS 0x00000000edd00000, 0x00000000edc00000| Untracked 
| 221|0x00000000edd00000, 0x00000000ede00000, 0x00000000ede00000|100%| O|  |TAMS 0x00000000ede00000, 0x00000000edd00000| Complete 
| 222|0x00000000ede00000, 0x00000000ede00000, 0x00000000edf00000|  0%| F|  |TAMS 0x00000000ede00000, 0x00000000ede00000| Untracked 
| 223|0x00000000edf00000, 0x00000000ee000000, 0x00000000ee000000|100%| O|  |TAMS 0x00000000ee000000, 0x00000000edf00000| Complete 
| 224|0x00000000ee000000, 0x00000000ee100000, 0x00000000ee100000|100%| O|  |TAMS 0x00000000ee100000, 0x00000000ee000000| Complete 
| 225|0x00000000ee100000, 0x00000000ee200000, 0x00000000ee200000|100%|HS|  |TAMS 0x00000000ee200000, 0x00000000ee100000| Complete 
| 226|0x00000000ee200000, 0x00000000ee300000, 0x00000000ee300000|100%|HC|  |TAMS 0x00000000ee300000, 0x00000000ee200000| Complete 
| 227|0x00000000ee300000, 0x00000000ee400000, 0x00000000ee400000|100%|HS|  |TAMS 0x00000000ee400000, 0x00000000ee300000| Complete 
| 228|0x00000000ee400000, 0x00000000ee500000, 0x00000000ee500000|100%|HS|  |TAMS 0x00000000ee500000, 0x00000000ee400000| Complete 
| 229|0x00000000ee500000, 0x00000000ee500000, 0x00000000ee600000|  0%| F|  |TAMS 0x00000000ee500000, 0x00000000ee500000| Untracked 
| 230|0x00000000ee600000, 0x00000000ee700000, 0x00000000ee700000|100%|HS|  |TAMS 0x00000000ee700000, 0x00000000ee600000| Complete 
| 231|0x00000000ee700000, 0x00000000ee700000, 0x00000000ee800000|  0%| F|  |TAMS 0x00000000ee700000, 0x00000000ee700000| Untracked 
| 232|0x00000000ee800000, 0x00000000ee800000, 0x00000000ee900000|  0%| F|  |TAMS 0x00000000ee800000, 0x00000000ee800000| Untracked 
| 233|0x00000000ee900000, 0x00000000ee900000, 0x00000000eea00000|  0%| F|  |TAMS 0x00000000ee900000, 0x00000000ee900000| Untracked 
| 234|0x00000000eea00000, 0x00000000eea00000, 0x00000000eeb00000|  0%| F|  |TAMS 0x00000000eea00000, 0x00000000eea00000| Untracked 
| 235|0x00000000eeb00000, 0x00000000eeb00000, 0x00000000eec00000|  0%| F|  |TAMS 0x00000000eeb00000, 0x00000000eeb00000| Untracked 
| 236|0x00000000eec00000, 0x00000000eec00000, 0x00000000eed00000|  0%| F|  |TAMS 0x00000000eec00000, 0x00000000eec00000| Untracked 
| 237|0x00000000eed00000, 0x00000000eed00000, 0x00000000eee00000|  0%| F|  |TAMS 0x00000000eed00000, 0x00000000eed00000| Untracked 
| 238|0x00000000eee00000, 0x00000000eee00000, 0x00000000eef00000|  0%| F|  |TAMS 0x00000000eee00000, 0x00000000eee00000| Untracked 
| 239|0x00000000eef00000, 0x00000000eef00000, 0x00000000ef000000|  0%| F|  |TAMS 0x00000000eef00000, 0x00000000eef00000| Untracked 
| 240|0x00000000ef000000, 0x00000000ef000000, 0x00000000ef100000|  0%| F|  |TAMS 0x00000000ef000000, 0x00000000ef000000| Untracked 
| 241|0x00000000ef100000, 0x00000000ef100000, 0x00000000ef200000|  0%| F|  |TAMS 0x00000000ef100000, 0x00000000ef100000| Untracked 
| 242|0x00000000ef200000, 0x00000000ef200000, 0x00000000ef300000|  0%| F|  |TAMS 0x00000000ef200000, 0x00000000ef200000| Untracked 
| 243|0x00000000ef300000, 0x00000000ef300000, 0x00000000ef400000|  0%| F|  |TAMS 0x00000000ef300000, 0x00000000ef300000| Untracked 
| 244|0x00000000ef400000, 0x00000000ef400000, 0x00000000ef500000|  0%| F|  |TAMS 0x00000000ef400000, 0x00000000ef400000| Untracked 
| 245|0x00000000ef500000, 0x00000000ef500000, 0x00000000ef600000|  0%| F|  |TAMS 0x00000000ef500000, 0x00000000ef500000| Untracked 
| 246|0x00000000ef600000, 0x00000000ef600000, 0x00000000ef700000|  0%| F|  |TAMS 0x00000000ef600000, 0x00000000ef600000| Untracked 
| 247|0x00000000ef700000, 0x00000000ef800000, 0x00000000ef800000|100%| O|  |TAMS 0x00000000ef800000, 0x00000000ef700000| Untracked 
| 248|0x00000000ef800000, 0x00000000ef800000, 0x00000000ef900000|  0%| F|  |TAMS 0x00000000ef800000, 0x00000000ef800000| Untracked 
| 249|0x00000000ef900000, 0x00000000ef900000, 0x00000000efa00000|  0%| F|  |TAMS 0x00000000ef900000, 0x00000000ef900000| Untracked 
| 250|0x00000000efa00000, 0x00000000efa00000, 0x00000000efb00000|  0%| F|  |TAMS 0x00000000efa00000, 0x00000000efa00000| Untracked 
| 251|0x00000000efb00000, 0x00000000efb00000, 0x00000000efc00000|  0%| F|  |TAMS 0x00000000efb00000, 0x00000000efb00000| Untracked 
| 252|0x00000000efc00000, 0x00000000efc00000, 0x00000000efd00000|  0%| F|  |TAMS 0x00000000efc00000, 0x00000000efc00000| Untracked 
| 253|0x00000000efd00000, 0x00000000efd00000, 0x00000000efe00000|  0%| F|  |TAMS 0x00000000efd00000, 0x00000000efd00000| Untracked 
| 254|0x00000000efe00000, 0x00000000eff00000, 0x00000000eff00000|100%|HS|  |TAMS 0x00000000eff00000, 0x00000000efe00000| Complete 
| 255|0x00000000eff00000, 0x00000000f0000000, 0x00000000f0000000|100%|HC|  |TAMS 0x00000000f0000000, 0x00000000eff00000| Complete 
| 256|0x00000000f0000000, 0x00000000f0100000, 0x00000000f0100000|100%|HC|  |TAMS 0x00000000f0100000, 0x00000000f0000000| Complete 
| 257|0x00000000f0100000, 0x00000000f0200000, 0x00000000f0200000|100%|HC|  |TAMS 0x00000000f0200000, 0x00000000f0100000| Complete 
| 258|0x00000000f0200000, 0x00000000f0300000, 0x00000000f0300000|100%|HC|  |TAMS 0x00000000f0300000, 0x00000000f0200000| Complete 
| 259|0x00000000f0300000, 0x00000000f0400000, 0x00000000f0400000|100%|HC|  |TAMS 0x00000000f0400000, 0x00000000f0300000| Complete 
| 260|0x00000000f0400000, 0x00000000f0400000, 0x00000000f0500000|  0%| F|  |TAMS 0x00000000f0400000, 0x00000000f0400000| Untracked 
| 261|0x00000000f0500000, 0x00000000f0500000, 0x00000000f0600000|  0%| F|  |TAMS 0x00000000f0500000, 0x00000000f0500000| Untracked 
| 262|0x00000000f0600000, 0x00000000f0600000, 0x00000000f0700000|  0%| F|  |TAMS 0x00000000f0600000, 0x00000000f0600000| Untracked 
| 263|0x00000000f0700000, 0x00000000f0700000, 0x00000000f0800000|  0%| F|  |TAMS 0x00000000f0700000, 0x00000000f0700000| Untracked 
| 264|0x00000000f0800000, 0x00000000f0800000, 0x00000000f0900000|  0%| F|  |TAMS 0x00000000f0800000, 0x00000000f0800000| Untracked 
| 265|0x00000000f0900000, 0x00000000f0900000, 0x00000000f0a00000|  0%| F|  |TAMS 0x00000000f0900000, 0x00000000f0900000| Untracked 
| 266|0x00000000f0a00000, 0x00000000f0a00000, 0x00000000f0b00000|  0%| F|  |TAMS 0x00000000f0a00000, 0x00000000f0a00000| Untracked 
| 267|0x00000000f0b00000, 0x00000000f0b00000, 0x00000000f0c00000|  0%| F|  |TAMS 0x00000000f0b00000, 0x00000000f0b00000| Untracked 
| 268|0x00000000f0c00000, 0x00000000f0c00000, 0x00000000f0d00000|  0%| F|  |TAMS 0x00000000f0c00000, 0x00000000f0c00000| Untracked 
| 269|0x00000000f0d00000, 0x00000000f0d00000, 0x00000000f0e00000|  0%| F|  |TAMS 0x00000000f0d00000, 0x00000000f0d00000| Untracked 
| 270|0x00000000f0e00000, 0x00000000f0e00000, 0x00000000f0f00000|  0%| F|  |TAMS 0x00000000f0e00000, 0x00000000f0e00000| Untracked 
| 271|0x00000000f0f00000, 0x00000000f0f00000, 0x00000000f1000000|  0%| F|  |TAMS 0x00000000f0f00000, 0x00000000f0f00000| Untracked 
| 272|0x00000000f1000000, 0x00000000f1000000, 0x00000000f1100000|  0%| F|  |TAMS 0x00000000f1000000, 0x00000000f1000000| Untracked 
| 273|0x00000000f1100000, 0x00000000f1100000, 0x00000000f1200000|  0%| F|  |TAMS 0x00000000f1100000, 0x00000000f1100000| Untracked 
| 274|0x00000000f1200000, 0x00000000f1200000, 0x00000000f1300000|  0%| F|  |TAMS 0x00000000f1200000, 0x00000000f1200000| Untracked 
| 275|0x00000000f1300000, 0x00000000f1400000, 0x00000000f1400000|100%| O|  |TAMS 0x00000000f1400000, 0x00000000f1300000| Complete 
| 276|0x00000000f1400000, 0x00000000f1400000, 0x00000000f1500000|  0%| F|  |TAMS 0x00000000f1400000, 0x00000000f1400000| Untracked 
| 277|0x00000000f1500000, 0x00000000f1600000, 0x00000000f1600000|100%| O|  |TAMS 0x00000000f1600000, 0x00000000f1500000| Untracked 
| 278|0x00000000f1600000, 0x00000000f1600000, 0x00000000f1700000|  0%| F|  |TAMS 0x00000000f1600000, 0x00000000f1600000| Untracked 
| 279|0x00000000f1700000, 0x00000000f1700000, 0x00000000f1800000|  0%| F|  |TAMS 0x00000000f1700000, 0x00000000f1700000| Untracked 
| 280|0x00000000f1800000, 0x00000000f1800000, 0x00000000f1900000|  0%| F|  |TAMS 0x00000000f1800000, 0x00000000f1800000| Untracked 
| 281|0x00000000f1900000, 0x00000000f1900000, 0x00000000f1a00000|  0%| F|  |TAMS 0x00000000f1900000, 0x00000000f1900000| Untracked 
| 282|0x00000000f1a00000, 0x00000000f1b00000, 0x00000000f1b00000|100%| O|  |TAMS 0x00000000f1b00000, 0x00000000f1a00000| Untracked 
| 283|0x00000000f1b00000, 0x00000000f1b00000, 0x00000000f1c00000|  0%| F|  |TAMS 0x00000000f1b00000, 0x00000000f1b00000| Untracked 
| 284|0x00000000f1c00000, 0x00000000f1d00000, 0x00000000f1d00000|100%| O|  |TAMS 0x00000000f1d00000, 0x00000000f1c00000| Complete 
| 285|0x00000000f1d00000, 0x00000000f1e00000, 0x00000000f1e00000|100%| O|  |TAMS 0x00000000f1e00000, 0x00000000f1d00000| Untracked 
| 286|0x00000000f1e00000, 0x00000000f1e00000, 0x00000000f1f00000|  0%| F|  |TAMS 0x00000000f1e00000, 0x00000000f1e00000| Untracked 
| 287|0x00000000f1f00000, 0x00000000f1f00000, 0x00000000f2000000|  0%| F|  |TAMS 0x00000000f1f00000, 0x00000000f1f00000| Untracked 
| 288|0x00000000f2000000, 0x00000000f2100000, 0x00000000f2100000|100%| O|  |TAMS 0x00000000f2100000, 0x00000000f2000000| Untracked 
| 289|0x00000000f2100000, 0x00000000f2100000, 0x00000000f2200000|  0%| F|  |TAMS 0x00000000f2100000, 0x00000000f2100000| Untracked 
| 290|0x00000000f2200000, 0x00000000f2200000, 0x00000000f2300000|  0%| F|  |TAMS 0x00000000f2200000, 0x00000000f2200000| Untracked 
| 291|0x00000000f2300000, 0x00000000f2300000, 0x00000000f2400000|  0%| F|  |TAMS 0x00000000f2300000, 0x00000000f2300000| Untracked 
| 292|0x00000000f2400000, 0x00000000f2400000, 0x00000000f2500000|  0%| F|  |TAMS 0x00000000f2400000, 0x00000000f2400000| Untracked 
| 293|0x00000000f2500000, 0x00000000f2500000, 0x00000000f2600000|  0%| F|  |TAMS 0x00000000f2500000, 0x00000000f2500000| Untracked 
| 294|0x00000000f2600000, 0x00000000f2600000, 0x00000000f2700000|  0%| F|  |TAMS 0x00000000f2600000, 0x00000000f2600000| Untracked 
| 295|0x00000000f2700000, 0x00000000f2700000, 0x00000000f2800000|  0%| F|  |TAMS 0x00000000f2700000, 0x00000000f2700000| Untracked 
| 296|0x00000000f2800000, 0x00000000f2800000, 0x00000000f2900000|  0%| F|  |TAMS 0x00000000f2800000, 0x00000000f2800000| Untracked 
| 297|0x00000000f2900000, 0x00000000f2900000, 0x00000000f2a00000|  0%| F|  |TAMS 0x00000000f2900000, 0x00000000f2900000| Untracked 
| 298|0x00000000f2a00000, 0x00000000f2a00000, 0x00000000f2b00000|  0%| F|  |TAMS 0x00000000f2a00000, 0x00000000f2a00000| Untracked 
| 299|0x00000000f2b00000, 0x00000000f2b00000, 0x00000000f2c00000|  0%| F|  |TAMS 0x00000000f2b00000, 0x00000000f2b00000| Untracked 
| 300|0x00000000f2c00000, 0x00000000f2c00000, 0x00000000f2d00000|  0%| F|  |TAMS 0x00000000f2c00000, 0x00000000f2c00000| Untracked 
| 301|0x00000000f2d00000, 0x00000000f2d00000, 0x00000000f2e00000|  0%| F|  |TAMS 0x00000000f2d00000, 0x00000000f2d00000| Untracked 
| 302|0x00000000f2e00000, 0x00000000f2e00000, 0x00000000f2f00000|  0%| F|  |TAMS 0x00000000f2e00000, 0x00000000f2e00000| Untracked 
| 303|0x00000000f2f00000, 0x00000000f2f00000, 0x00000000f3000000|  0%| F|  |TAMS 0x00000000f2f00000, 0x00000000f2f00000| Untracked 
| 304|0x00000000f3000000, 0x00000000f3000000, 0x00000000f3100000|  0%| F|  |TAMS 0x00000000f3000000, 0x00000000f3000000| Untracked 
| 305|0x00000000f3100000, 0x00000000f3100000, 0x00000000f3200000|  0%| F|  |TAMS 0x00000000f3100000, 0x00000000f3100000| Untracked 
| 306|0x00000000f3200000, 0x00000000f3200000, 0x00000000f3300000|  0%| F|  |TAMS 0x00000000f3200000, 0x00000000f3200000| Untracked 
| 307|0x00000000f3300000, 0x00000000f3300000, 0x00000000f3400000|  0%| F|  |TAMS 0x00000000f3300000, 0x00000000f3300000| Untracked 
| 308|0x00000000f3400000, 0x00000000f3400000, 0x00000000f3500000|  0%| F|  |TAMS 0x00000000f3400000, 0x00000000f3400000| Untracked 
| 309|0x00000000f3500000, 0x00000000f3500000, 0x00000000f3600000|  0%| F|  |TAMS 0x00000000f3500000, 0x00000000f3500000| Untracked 
| 310|0x00000000f3600000, 0x00000000f3600000, 0x00000000f3700000|  0%| F|  |TAMS 0x00000000f3600000, 0x00000000f3600000| Untracked 
| 311|0x00000000f3700000, 0x00000000f3700000, 0x00000000f3800000|  0%| F|  |TAMS 0x00000000f3700000, 0x00000000f3700000| Untracked 
| 312|0x00000000f3800000, 0x00000000f3800000, 0x00000000f3900000|  0%| F|  |TAMS 0x00000000f3800000, 0x00000000f3800000| Untracked 
| 313|0x00000000f3900000, 0x00000000f3900000, 0x00000000f3a00000|  0%| F|  |TAMS 0x00000000f3900000, 0x00000000f3900000| Untracked 
| 314|0x00000000f3a00000, 0x00000000f3a00000, 0x00000000f3b00000|  0%| F|  |TAMS 0x00000000f3a00000, 0x00000000f3a00000| Untracked 
| 315|0x00000000f3b00000, 0x00000000f3b00000, 0x00000000f3c00000|  0%| F|  |TAMS 0x00000000f3b00000, 0x00000000f3b00000| Untracked 
| 316|0x00000000f3c00000, 0x00000000f3c00000, 0x00000000f3d00000|  0%| F|  |TAMS 0x00000000f3c00000, 0x00000000f3c00000| Untracked 
| 317|0x00000000f3d00000, 0x00000000f3d00000, 0x00000000f3e00000|  0%| F|  |TAMS 0x00000000f3d00000, 0x00000000f3d00000| Untracked 
| 318|0x00000000f3e00000, 0x00000000f3e00000, 0x00000000f3f00000|  0%| F|  |TAMS 0x00000000f3e00000, 0x00000000f3e00000| Untracked 
| 319|0x00000000f3f00000, 0x00000000f3f00000, 0x00000000f4000000|  0%| F|  |TAMS 0x00000000f3f00000, 0x00000000f3f00000| Untracked 
| 320|0x00000000f4000000, 0x00000000f4000000, 0x00000000f4100000|  0%| F|  |TAMS 0x00000000f4000000, 0x00000000f4000000| Untracked 
| 321|0x00000000f4100000, 0x00000000f4100000, 0x00000000f4200000|  0%| F|  |TAMS 0x00000000f4100000, 0x00000000f4100000| Untracked 
| 322|0x00000000f4200000, 0x00000000f4200000, 0x00000000f4300000|  0%| F|  |TAMS 0x00000000f4200000, 0x00000000f4200000| Untracked 
| 323|0x00000000f4300000, 0x00000000f4300000, 0x00000000f4400000|  0%| F|  |TAMS 0x00000000f4300000, 0x00000000f4300000| Untracked 
| 324|0x00000000f4400000, 0x00000000f4400000, 0x00000000f4500000|  0%| F|  |TAMS 0x00000000f4400000, 0x00000000f4400000| Untracked 
| 325|0x00000000f4500000, 0x00000000f4500000, 0x00000000f4600000|  0%| F|  |TAMS 0x00000000f4500000, 0x00000000f4500000| Untracked 
| 326|0x00000000f4600000, 0x00000000f4600000, 0x00000000f4700000|  0%| F|  |TAMS 0x00000000f4600000, 0x00000000f4600000| Untracked 
| 327|0x00000000f4700000, 0x00000000f4700000, 0x00000000f4800000|  0%| F|  |TAMS 0x00000000f4700000, 0x00000000f4700000| Untracked 
| 328|0x00000000f4800000, 0x00000000f4800000, 0x00000000f4900000|  0%| F|  |TAMS 0x00000000f4800000, 0x00000000f4800000| Untracked 
| 329|0x00000000f4900000, 0x00000000f4900000, 0x00000000f4a00000|  0%| F|  |TAMS 0x00000000f4900000, 0x00000000f4900000| Untracked 
| 330|0x00000000f4a00000, 0x00000000f4a00000, 0x00000000f4b00000|  0%| F|  |TAMS 0x00000000f4a00000, 0x00000000f4a00000| Untracked 
| 331|0x00000000f4b00000, 0x00000000f4b00000, 0x00000000f4c00000|  0%| F|  |TAMS 0x00000000f4b00000, 0x00000000f4b00000| Untracked 
| 332|0x00000000f4c00000, 0x00000000f4c00000, 0x00000000f4d00000|  0%| F|  |TAMS 0x00000000f4c00000, 0x00000000f4c00000| Untracked 
| 333|0x00000000f4d00000, 0x00000000f4d00000, 0x00000000f4e00000|  0%| F|  |TAMS 0x00000000f4d00000, 0x00000000f4d00000| Untracked 
| 334|0x00000000f4e00000, 0x00000000f4e00000, 0x00000000f4f00000|  0%| F|  |TAMS 0x00000000f4e00000, 0x00000000f4e00000| Untracked 
| 335|0x00000000f4f00000, 0x00000000f4f00000, 0x00000000f5000000|  0%| F|  |TAMS 0x00000000f4f00000, 0x00000000f4f00000| Untracked 
| 336|0x00000000f5000000, 0x00000000f5000000, 0x00000000f5100000|  0%| F|  |TAMS 0x00000000f5000000, 0x00000000f5000000| Untracked 
| 337|0x00000000f5100000, 0x00000000f5100000, 0x00000000f5200000|  0%| F|  |TAMS 0x00000000f5100000, 0x00000000f5100000| Untracked 
| 338|0x00000000f5200000, 0x00000000f5200000, 0x00000000f5300000|  0%| F|  |TAMS 0x00000000f5200000, 0x00000000f5200000| Untracked 
| 339|0x00000000f5300000, 0x00000000f5300000, 0x00000000f5400000|  0%| F|  |TAMS 0x00000000f5300000, 0x00000000f5300000| Untracked 
| 340|0x00000000f5400000, 0x00000000f5400000, 0x00000000f5500000|  0%| F|  |TAMS 0x00000000f5400000, 0x00000000f5400000| Untracked 
| 341|0x00000000f5500000, 0x00000000f5500000, 0x00000000f5600000|  0%| F|  |TAMS 0x00000000f5500000, 0x00000000f5500000| Untracked 
| 342|0x00000000f5600000, 0x00000000f5600000, 0x00000000f5700000|  0%| F|  |TAMS 0x00000000f5600000, 0x00000000f5600000| Untracked 
| 343|0x00000000f5700000, 0x00000000f5700000, 0x00000000f5800000|  0%| F|  |TAMS 0x00000000f5700000, 0x00000000f5700000| Untracked 
| 344|0x00000000f5800000, 0x00000000f5800000, 0x00000000f5900000|  0%| F|  |TAMS 0x00000000f5800000, 0x00000000f5800000| Untracked 
| 345|0x00000000f5900000, 0x00000000f5900000, 0x00000000f5a00000|  0%| F|  |TAMS 0x00000000f5900000, 0x00000000f5900000| Untracked 
| 346|0x00000000f5a00000, 0x00000000f5a00000, 0x00000000f5b00000|  0%| F|  |TAMS 0x00000000f5a00000, 0x00000000f5a00000| Untracked 
| 347|0x00000000f5b00000, 0x00000000f5b00000, 0x00000000f5c00000|  0%| F|  |TAMS 0x00000000f5b00000, 0x00000000f5b00000| Untracked 
| 348|0x00000000f5c00000, 0x00000000f5c00000, 0x00000000f5d00000|  0%| F|  |TAMS 0x00000000f5c00000, 0x00000000f5c00000| Untracked 
| 349|0x00000000f5d00000, 0x00000000f5d00000, 0x00000000f5e00000|  0%| F|  |TAMS 0x00000000f5d00000, 0x00000000f5d00000| Untracked 
| 350|0x00000000f5e00000, 0x00000000f5e00000, 0x00000000f5f00000|  0%| F|  |TAMS 0x00000000f5e00000, 0x00000000f5e00000| Untracked 
| 351|0x00000000f5f00000, 0x00000000f5f00000, 0x00000000f6000000|  0%| F|  |TAMS 0x00000000f5f00000, 0x00000000f5f00000| Untracked 
| 352|0x00000000f6000000, 0x00000000f6000000, 0x00000000f6100000|  0%| F|  |TAMS 0x00000000f6000000, 0x00000000f6000000| Untracked 
| 353|0x00000000f6100000, 0x00000000f6100000, 0x00000000f6200000|  0%| F|  |TAMS 0x00000000f6100000, 0x00000000f6100000| Untracked 
| 354|0x00000000f6200000, 0x00000000f6200000, 0x00000000f6300000|  0%| F|  |TAMS 0x00000000f6200000, 0x00000000f6200000| Untracked 
| 355|0x00000000f6300000, 0x00000000f6300000, 0x00000000f6400000|  0%| F|  |TAMS 0x00000000f6300000, 0x00000000f6300000| Untracked 
| 356|0x00000000f6400000, 0x00000000f6400000, 0x00000000f6500000|  0%| F|  |TAMS 0x00000000f6400000, 0x00000000f6400000| Untracked 
| 357|0x00000000f6500000, 0x00000000f6500000, 0x00000000f6600000|  0%| F|  |TAMS 0x00000000f6500000, 0x00000000f6500000| Untracked 
| 358|0x00000000f6600000, 0x00000000f6600000, 0x00000000f6700000|  0%| F|  |TAMS 0x00000000f6600000, 0x00000000f6600000| Untracked 
| 359|0x00000000f6700000, 0x00000000f6700000, 0x00000000f6800000|  0%| F|  |TAMS 0x00000000f6700000, 0x00000000f6700000| Untracked 
| 360|0x00000000f6800000, 0x00000000f6800000, 0x00000000f6900000|  0%| F|  |TAMS 0x00000000f6800000, 0x00000000f6800000| Untracked 
| 361|0x00000000f6900000, 0x00000000f6900000, 0x00000000f6a00000|  0%| F|  |TAMS 0x00000000f6900000, 0x00000000f6900000| Untracked 
| 362|0x00000000f6a00000, 0x00000000f6a00000, 0x00000000f6b00000|  0%| F|  |TAMS 0x00000000f6a00000, 0x00000000f6a00000| Untracked 
| 363|0x00000000f6b00000, 0x00000000f6b00000, 0x00000000f6c00000|  0%| F|  |TAMS 0x00000000f6b00000, 0x00000000f6b00000| Untracked 
| 364|0x00000000f6c00000, 0x00000000f6c00000, 0x00000000f6d00000|  0%| F|  |TAMS 0x00000000f6c00000, 0x00000000f6c00000| Untracked 
| 365|0x00000000f6d00000, 0x00000000f6d00000, 0x00000000f6e00000|  0%| F|  |TAMS 0x00000000f6d00000, 0x00000000f6d00000| Untracked 
| 366|0x00000000f6e00000, 0x00000000f6e00000, 0x00000000f6f00000|  0%| F|  |TAMS 0x00000000f6e00000, 0x00000000f6e00000| Untracked 
| 367|0x00000000f6f00000, 0x00000000f6f00000, 0x00000000f7000000|  0%| F|  |TAMS 0x00000000f6f00000, 0x00000000f6f00000| Untracked 
| 368|0x00000000f7000000, 0x00000000f7000000, 0x00000000f7100000|  0%| F|  |TAMS 0x00000000f7000000, 0x00000000f7000000| Untracked 
| 369|0x00000000f7100000, 0x00000000f7100000, 0x00000000f7200000|  0%| F|  |TAMS 0x00000000f7100000, 0x00000000f7100000| Untracked 
| 370|0x00000000f7200000, 0x00000000f7200000, 0x00000000f7300000|  0%| F|  |TAMS 0x00000000f7200000, 0x00000000f7200000| Untracked 
| 371|0x00000000f7300000, 0x00000000f7300000, 0x00000000f7400000|  0%| F|  |TAMS 0x00000000f7300000, 0x00000000f7300000| Untracked 
| 372|0x00000000f7400000, 0x00000000f7400000, 0x00000000f7500000|  0%| F|  |TAMS 0x00000000f7400000, 0x00000000f7400000| Untracked 
| 373|0x00000000f7500000, 0x00000000f7500000, 0x00000000f7600000|  0%| F|  |TAMS 0x00000000f7500000, 0x00000000f7500000| Untracked 
| 374|0x00000000f7600000, 0x00000000f7600000, 0x00000000f7700000|  0%| F|  |TAMS 0x00000000f7600000, 0x00000000f7600000| Untracked 
| 375|0x00000000f7700000, 0x00000000f7700000, 0x00000000f7800000|  0%| F|  |TAMS 0x00000000f7700000, 0x00000000f7700000| Untracked 
| 376|0x00000000f7800000, 0x00000000f7800000, 0x00000000f7900000|  0%| F|  |TAMS 0x00000000f7800000, 0x00000000f7800000| Untracked 
| 377|0x00000000f7900000, 0x00000000f7900000, 0x00000000f7a00000|  0%| F|  |TAMS 0x00000000f7900000, 0x00000000f7900000| Untracked 
| 378|0x00000000f7a00000, 0x00000000f7a00000, 0x00000000f7b00000|  0%| F|  |TAMS 0x00000000f7a00000, 0x00000000f7a00000| Untracked 
| 379|0x00000000f7b00000, 0x00000000f7b00000, 0x00000000f7c00000|  0%| F|  |TAMS 0x00000000f7b00000, 0x00000000f7b00000| Untracked 
| 380|0x00000000f7c00000, 0x00000000f7c00000, 0x00000000f7d00000|  0%| F|  |TAMS 0x00000000f7c00000, 0x00000000f7c00000| Untracked 
| 381|0x00000000f7d00000, 0x00000000f7d00000, 0x00000000f7e00000|  0%| F|  |TAMS 0x00000000f7d00000, 0x00000000f7d00000| Untracked 
| 382|0x00000000f7e00000, 0x00000000f7e00000, 0x00000000f7f00000|  0%| F|  |TAMS 0x00000000f7e00000, 0x00000000f7e00000| Untracked 
| 383|0x00000000f7f00000, 0x00000000f7f00000, 0x00000000f8000000|  0%| F|  |TAMS 0x00000000f7f00000, 0x00000000f7f00000| Untracked 
| 384|0x00000000f8000000, 0x00000000f8000000, 0x00000000f8100000|  0%| F|  |TAMS 0x00000000f8000000, 0x00000000f8000000| Untracked 
| 385|0x00000000f8100000, 0x00000000f8100000, 0x00000000f8200000|  0%| F|  |TAMS 0x00000000f8100000, 0x00000000f8100000| Untracked 
| 386|0x00000000f8200000, 0x00000000f8200000, 0x00000000f8300000|  0%| F|  |TAMS 0x00000000f8200000, 0x00000000f8200000| Untracked 
| 387|0x00000000f8300000, 0x00000000f8300000, 0x00000000f8400000|  0%| F|  |TAMS 0x00000000f8300000, 0x00000000f8300000| Untracked 
| 388|0x00000000f8400000, 0x00000000f8400000, 0x00000000f8500000|  0%| F|  |TAMS 0x00000000f8400000, 0x00000000f8400000| Untracked 
| 389|0x00000000f8500000, 0x00000000f8500000, 0x00000000f8600000|  0%| F|  |TAMS 0x00000000f8500000, 0x00000000f8500000| Untracked 
| 390|0x00000000f8600000, 0x00000000f8600000, 0x00000000f8700000|  0%| F|  |TAMS 0x00000000f8600000, 0x00000000f8600000| Untracked 
| 391|0x00000000f8700000, 0x00000000f8700000, 0x00000000f8800000|  0%| F|  |TAMS 0x00000000f8700000, 0x00000000f8700000| Untracked 
| 392|0x00000000f8800000, 0x00000000f8800000, 0x00000000f8900000|  0%| F|  |TAMS 0x00000000f8800000, 0x00000000f8800000| Untracked 
| 393|0x00000000f8900000, 0x00000000f8900000, 0x00000000f8a00000|  0%| F|  |TAMS 0x00000000f8900000, 0x00000000f8900000| Untracked 
| 394|0x00000000f8a00000, 0x00000000f8a00000, 0x00000000f8b00000|  0%| F|  |TAMS 0x00000000f8a00000, 0x00000000f8a00000| Untracked 
| 395|0x00000000f8b00000, 0x00000000f8b00000, 0x00000000f8c00000|  0%| F|  |TAMS 0x00000000f8b00000, 0x00000000f8b00000| Untracked 
| 396|0x00000000f8c00000, 0x00000000f8c00000, 0x00000000f8d00000|  0%| F|  |TAMS 0x00000000f8c00000, 0x00000000f8c00000| Untracked 
| 397|0x00000000f8d00000, 0x00000000f8d00000, 0x00000000f8e00000|  0%| F|  |TAMS 0x00000000f8d00000, 0x00000000f8d00000| Untracked 
| 398|0x00000000f8e00000, 0x00000000f8e00000, 0x00000000f8f00000|  0%| F|  |TAMS 0x00000000f8e00000, 0x00000000f8e00000| Untracked 
| 399|0x00000000f8f00000, 0x00000000f8f00000, 0x00000000f9000000|  0%| F|  |TAMS 0x00000000f8f00000, 0x00000000f8f00000| Untracked 
| 400|0x00000000f9000000, 0x00000000f9000000, 0x00000000f9100000|  0%| F|  |TAMS 0x00000000f9000000, 0x00000000f9000000| Untracked 
| 401|0x00000000f9100000, 0x00000000f9100000, 0x00000000f9200000|  0%| F|  |TAMS 0x00000000f9100000, 0x00000000f9100000| Untracked 
| 402|0x00000000f9200000, 0x00000000f9200000, 0x00000000f9300000|  0%| F|  |TAMS 0x00000000f9200000, 0x00000000f9200000| Untracked 
| 403|0x00000000f9300000, 0x00000000f9300000, 0x00000000f9400000|  0%| F|  |TAMS 0x00000000f9300000, 0x00000000f9300000| Untracked 
| 404|0x00000000f9400000, 0x00000000f9400000, 0x00000000f9500000|  0%| F|  |TAMS 0x00000000f9400000, 0x00000000f9400000| Untracked 
| 405|0x00000000f9500000, 0x00000000f95a6000, 0x00000000f9600000| 64%| S|CS|TAMS 0x00000000f9500000, 0x00000000f9500000| Complete 
| 406|0x00000000f9600000, 0x00000000f9700000, 0x00000000f9700000|100%| S|CS|TAMS 0x00000000f9600000, 0x00000000f9600000| Complete 
| 407|0x00000000f9700000, 0x00000000f9700000, 0x00000000f9800000|  0%| F|  |TAMS 0x00000000f9700000, 0x00000000f9700000| Untracked 
| 408|0x00000000f9800000, 0x00000000f9800000, 0x00000000f9900000|  0%| F|  |TAMS 0x00000000f9800000, 0x00000000f9800000| Untracked 
| 409|0x00000000f9900000, 0x00000000f9900000, 0x00000000f9a00000|  0%| F|  |TAMS 0x00000000f9900000, 0x00000000f9900000| Untracked 
| 410|0x00000000f9a00000, 0x00000000f9a84a18, 0x00000000f9b00000| 51%| E|  |TAMS 0x00000000f9a00000, 0x00000000f9a00000| Complete 
| 411|0x00000000f9b00000, 0x00000000f9c00000, 0x00000000f9c00000|100%| E|CS|TAMS 0x00000000f9b00000, 0x00000000f9b00000| Complete 
| 412|0x00000000f9c00000, 0x00000000f9d00000, 0x00000000f9d00000|100%| E|CS|TAMS 0x00000000f9c00000, 0x00000000f9c00000| Complete 
| 413|0x00000000f9d00000, 0x00000000f9e00000, 0x00000000f9e00000|100%| E|CS|TAMS 0x00000000f9d00000, 0x00000000f9d00000| Complete 
| 414|0x00000000f9e00000, 0x00000000f9f00000, 0x00000000f9f00000|100%| E|CS|TAMS 0x00000000f9e00000, 0x00000000f9e00000| Complete 
| 415|0x00000000f9f00000, 0x00000000fa000000, 0x00000000fa000000|100%| E|CS|TAMS 0x00000000f9f00000, 0x00000000f9f00000| Complete 
| 416|0x00000000fa000000, 0x00000000fa100000, 0x00000000fa100000|100%| E|CS|TAMS 0x00000000fa000000, 0x00000000fa000000| Complete 

Card table byte_map: [0x00000276faf80000,0x00000276fb080000] _byte_map_base: 0x00000276fa880000

Marking Bits (Prev, Next): (CMBitMap*) 0x00000276fa77d020, (CMBitMap*) 0x00000276fa77cfe0
 Prev Bits: [0x00000276fb980000, 0x00000276fc180000)
 Next Bits: [0x00000276fb180000, 0x00000276fb980000)

Polling page: 0x00000276f8710000

Metaspace:

Usage:
  Non-class:     77.31 MB used.
      Class:     12.27 MB used.
       Both:     89.58 MB used.

Virtual space:
  Non-class space:      128.00 MB reserved,      77.75 MB ( 61%) committed,  2 nodes.
      Class space:      320.00 MB reserved,      12.69 MB (  4%) committed,  1 nodes.
             Both:      448.00 MB reserved,      90.44 MB ( 20%) committed. 

Chunk freelists:
   Non-Class:  1.44 MB
       Class:  3.28 MB
        Both:  4.72 MB

MaxMetaspaceSize: 384.00 MB
CompressedClassSpaceSize: 320.00 MB
Initial GC threshold: 21.00 MB
Current GC threshold: 149.19 MB
CDS: on
MetaspaceReclaimPolicy: balanced
 - commit_granule_bytes: 65536.
 - commit_granule_words: 8192.
 - virtual_space_node_default_size: 8388608.
 - enlarge_chunks_in_place: 1.
 - new_chunks_are_fully_committed: 0.
 - uncommit_free_chunks: 1.
 - use_allocation_guard: 0.
 - handle_deallocations: 1.


Internal statistics:

num_allocs_failed_limit: 12.
num_arena_births: 1170.
num_arena_deaths: 4.
num_vsnodes_births: 3.
num_vsnodes_deaths: 0.
num_space_committed: 1455.
num_space_uncommitted: 8.
num_chunks_returned_to_freelist: 63.
num_chunks_taken_from_freelist: 5105.
num_chunk_merges: 24.
num_chunk_splits: 3317.
num_chunks_enlarged: 2101.
num_inconsistent_stats: 0.

CodeHeap 'non-profiled nmethods': size=120000Kb used=9364Kb max_used=9364Kb free=110635Kb
 bounds [0x000002768f2b0000, 0x000002768fbe0000, 0x00000276967e0000]
CodeHeap 'profiled nmethods': size=120000Kb used=25293Kb max_used=25293Kb free=94706Kb
 bounds [0x00000276877e0000, 0x00000276890a0000, 0x000002768ed10000]
CodeHeap 'non-nmethods': size=5760Kb used=2402Kb max_used=2487Kb free=3357Kb
 bounds [0x000002768ed10000, 0x000002768ef90000, 0x000002768f2b0000]
 total_blobs=13870 nmethods=12933 adapters=848
 compilation: enabled
              stopped_count=0, restarted_count=0
 full_count=0

Compilation events (20 events):
Event: 80.213 Thread 0x00000276fef0e540 nmethod 15139 0x000002768908c690 code [0x000002768908c8a0, 0x000002768908d058]
Event: 80.213 Thread 0x00000276fef0e540 15140       3       org.gradle.internal.watch.vfs.impl.WatchingVirtualFileSystem$InvalidateVfsChangeHandler$$Lambda$1582/0x0000027698aaad50::<init> (20 bytes)
Event: 80.213 Thread 0x00000276fef0e540 nmethod 15140 0x000002768908d310 code [0x000002768908d4c0, 0x000002768908d738]
Event: 80.213 Thread 0x00000276fef0e540 15141       3       org.gradle.internal.watch.vfs.impl.WatchingVirtualFileSystem$BroadcastingChangeHandler::handleChange (15 bytes)
Event: 80.213 Thread 0x00000276fef0e540 nmethod 15141 0x000002768908d810 code [0x000002768908d9e0, 0x000002768908de38]
Event: 80.308 Thread 0x00000276fef0e540 15142   !   3       org.gradle.internal.io.StreamByteBuffer::readAsCharBuffer (383 bytes)
Event: 80.312 Thread 0x00000276fef0e540 nmethod 15142 0x000002768908e090 code [0x000002768908e5e0, 0x0000027689091428]
Event: 81.402 Thread 0x00000276fef0e540 15143       3       java.util.concurrent.LinkedBlockingDeque$AbstractItr::hasNext (13 bytes)
Event: 81.403 Thread 0x00000276fef0e540 nmethod 15143 0x0000027689092510 code [0x00000276890926a0, 0x0000027689092818]
Event: 81.834 Thread 0x00000276fef0e540 15144       3       org.gradle.internal.logging.console.StyledTextOutputBackedRenderer$OutputEventTextOutputImpl::doStyleChange (12 bytes)
Event: 81.835 Thread 0x00000276fef0e540 nmethod 15144 0x0000027689092890 code [0x0000027689092a40, 0x0000027689092c08]
Event: 82.738 Thread 0x00000276fef0c000 15145       4       org.gradle.internal.snapshot.SearchUtil::binarySearch (160 bytes)
Event: 82.744 Thread 0x00000276fef0c000 nmethod 15145 0x000002768fbd3d10 code [0x000002768fbd3ec0, 0x000002768fbd4278]
Event: 83.141 Thread 0x00000276fef0c000 15146       4       java.util.AbstractCollection::toArray (70 bytes)
Event: 83.141 Thread 0x00000276fef0e540 15147       3       org.gradle.internal.logging.services.TextStreamOutputEventListener::onTextEvent (44 bytes)
Event: 83.141 Thread 0x00000276fef0e540 nmethod 15147 0x0000027689092d10 code [0x0000027689092f00, 0x0000027689093428]
Event: 83.145 Thread 0x00000276fef0c000 nmethod 15146 0x000002768fbd4610 code [0x000002768fbd47a0, 0x000002768fbd4b38]
Event: 83.145 Thread 0x00000276fef0c000 15148       4       org.gradle.internal.event.BroadcastDispatch$SingletonDispatch::dispatch (9 bytes)
Event: 83.146 Thread 0x00000276fef0c000 nmethod 15148 0x000002768fbd4d90 code [0x000002768fbd4f20, 0x000002768fbd5078]
Event: 84.009 Thread 0x00000276fef0c000 15149       4       java.util.ComparableTimSort::sort (219 bytes)

GC Heap History (20 events):
Event: 74.804 GC heap before
{Heap before GC invocations=32 (full 0):
 garbage-first heap   total 424960K, used 308094K [0x00000000e0000000, 0x0000000100000000)
  region size 1024K, 62 young (63488K), 3 survivors (3072K)
 Metaspace       used 91056K, committed 91904K, reserved 458752K
  class space    used 12563K, committed 12992K, reserved 327680K
}
Event: 74.809 GC heap after
{Heap after GC invocations=33 (full 0):
 garbage-first heap   total 424960K, used 242381K [0x00000000e0000000, 0x0000000100000000)
  region size 1024K, 6 young (6144K), 6 survivors (6144K)
 Metaspace       used 91056K, committed 91904K, reserved 458752K
  class space    used 12563K, committed 12992K, reserved 327680K
}
Event: 74.983 GC heap before
{Heap before GC invocations=33 (full 0):
 garbage-first heap   total 424960K, used 258765K [0x00000000e0000000, 0x0000000100000000)
  region size 1024K, 20 young (20480K), 6 survivors (6144K)
 Metaspace       used 91258K, committed 92160K, reserved 458752K
  class space    used 12569K, committed 12992K, reserved 327680K
}
Event: 74.991 GC heap after
{Heap after GC invocations=34 (full 0):
 garbage-first heap   total 424960K, used 209632K [0x00000000e0000000, 0x0000000100000000)
  region size 1024K, 3 young (3072K), 3 survivors (3072K)
 Metaspace       used 91258K, committed 92160K, reserved 458752K
  class space    used 12569K, committed 12992K, reserved 327680K
}
Event: 75.091 GC heap before
{Heap before GC invocations=34 (full 0):
 garbage-first heap   total 424960K, used 226016K [0x00000000e0000000, 0x0000000100000000)
  region size 1024K, 20 young (20480K), 3 survivors (3072K)
 Metaspace       used 91266K, committed 92160K, reserved 458752K
  class space    used 12569K, committed 12992K, reserved 327680K
}
Event: 75.103 GC heap after
{Heap after GC invocations=35 (full 0):
 garbage-first heap   total 424960K, used 214830K [0x00000000e0000000, 0x0000000100000000)
  region size 1024K, 3 young (3072K), 3 survivors (3072K)
 Metaspace       used 91266K, committed 92160K, reserved 458752K
  class space    used 12569K, committed 12992K, reserved 327680K
}
Event: 75.107 GC heap before
{Heap before GC invocations=35 (full 0):
 garbage-first heap   total 424960K, used 214830K [0x00000000e0000000, 0x0000000100000000)
  region size 1024K, 4 young (4096K), 3 survivors (3072K)
 Metaspace       used 91266K, committed 92160K, reserved 458752K
  class space    used 12569K, committed 12992K, reserved 327680K
}
Event: 75.109 GC heap after
{Heap after GC invocations=36 (full 0):
 garbage-first heap   total 424960K, used 215460K [0x00000000e0000000, 0x0000000100000000)
  region size 1024K, 4 young (4096K), 4 survivors (4096K)
 Metaspace       used 91266K, committed 92160K, reserved 458752K
  class space    used 12569K, committed 12992K, reserved 327680K
}
Event: 75.565 GC heap before
{Heap before GC invocations=37 (full 0):
 garbage-first heap   total 424960K, used 345508K [0x00000000e0000000, 0x0000000100000000)
  region size 1024K, 85 young (87040K), 4 survivors (4096K)
 Metaspace       used 90589K, committed 91648K, reserved 458752K
  class space    used 12500K, committed 12992K, reserved 327680K
}
Event: 75.575 GC heap after
{Heap after GC invocations=38 (full 0):
 garbage-first heap   total 424960K, used 272259K [0x00000000e0000000, 0x0000000100000000)
  region size 1024K, 11 young (11264K), 11 survivors (11264K)
 Metaspace       used 90589K, committed 91648K, reserved 458752K
  class space    used 12500K, committed 12992K, reserved 327680K
}
Event: 75.601 GC heap before
{Heap before GC invocations=38 (full 0):
 garbage-first heap   total 424960K, used 283523K [0x00000000e0000000, 0x0000000100000000)
  region size 1024K, 20 young (20480K), 11 survivors (11264K)
 Metaspace       used 90589K, committed 91648K, reserved 458752K
  class space    used 12500K, committed 12992K, reserved 327680K
}
Event: 75.619 GC heap after
{Heap after GC invocations=39 (full 0):
 garbage-first heap   total 424960K, used 250880K [0x00000000e0000000, 0x0000000100000000)
  region size 1024K, 3 young (3072K), 3 survivors (3072K)
 Metaspace       used 90589K, committed 91648K, reserved 458752K
  class space    used 12500K, committed 12992K, reserved 327680K
}
Event: 75.653 GC heap before
{Heap before GC invocations=39 (full 0):
 garbage-first heap   total 424960K, used 270336K [0x00000000e0000000, 0x0000000100000000)
  region size 1024K, 20 young (20480K), 3 survivors (3072K)
 Metaspace       used 90594K, committed 91648K, reserved 458752K
  class space    used 12500K, committed 12992K, reserved 327680K
}
Event: 75.661 GC heap after
{Heap after GC invocations=40 (full 0):
 garbage-first heap   total 424960K, used 258503K [0x00000000e0000000, 0x0000000100000000)
  region size 1024K, 3 young (3072K), 3 survivors (3072K)
 Metaspace       used 90594K, committed 91648K, reserved 458752K
  class space    used 12500K, committed 12992K, reserved 327680K
}
Event: 75.921 GC heap before
{Heap before GC invocations=40 (full 0):
 garbage-first heap   total 424960K, used 308679K [0x00000000e0000000, 0x0000000100000000)
  region size 1024K, 53 young (54272K), 3 survivors (3072K)
 Metaspace       used 90816K, committed 91712K, reserved 458752K
  class space    used 12500K, committed 12992K, reserved 327680K
}
Event: 75.927 GC heap after
{Heap after GC invocations=41 (full 0):
 garbage-first heap   total 424960K, used 249292K [0x00000000e0000000, 0x0000000100000000)
  region size 1024K, 8 young (8192K), 8 survivors (8192K)
 Metaspace       used 90816K, committed 91712K, reserved 458752K
  class space    used 12500K, committed 12992K, reserved 327680K
}
Event: 76.652 GC heap before
{Heap before GC invocations=42 (full 0):
 garbage-first heap   total 427008K, used 320972K [0x00000000e0000000, 0x0000000100000000)
  region size 1024K, 75 young (76800K), 8 survivors (8192K)
 Metaspace       used 91666K, committed 92544K, reserved 458752K
  class space    used 12568K, committed 12992K, reserved 327680K
}
Event: 76.661 GC heap after
{Heap after GC invocations=43 (full 0):
 garbage-first heap   total 427008K, used 259757K [0x00000000e0000000, 0x0000000100000000)
  region size 1024K, 10 young (10240K), 10 survivors (10240K)
 Metaspace       used 91666K, committed 92544K, reserved 458752K
  class space    used 12568K, committed 12992K, reserved 327680K
}
Event: 78.147 GC heap before
{Heap before GC invocations=43 (full 0):
 garbage-first heap   total 427008K, used 268973K [0x00000000e0000000, 0x0000000100000000)
  region size 1024K, 20 young (20480K), 10 survivors (10240K)
 Metaspace       used 91685K, committed 92608K, reserved 458752K
  class space    used 12568K, committed 12992K, reserved 327680K
}
Event: 78.156 GC heap after
{Heap after GC invocations=44 (full 0):
 garbage-first heap   total 427008K, used 233535K [0x00000000e0000000, 0x0000000100000000)
  region size 1024K, 2 young (2048K), 2 survivors (2048K)
 Metaspace       used 91685K, committed 92608K, reserved 458752K
  class space    used 12568K, committed 12992K, reserved 327680K
}

Deoptimization events (20 events):
Event: 76.392 Thread 0x00000276b64ef280 DEOPT PACKING pc=0x000002768f4327b8 sp=0x000000febb3f9940
Event: 76.392 Thread 0x00000276b64ef280 DEOPT UNPACKING pc=0x000002768ed623a3 sp=0x000000febb3f9900 mode 2
Event: 76.392 Thread 0x00000276b64ef280 Uncommon trap: trap_request=0xffffffd6 fr.pc=0x000002768f432924 relative=0x00000000000007e4
Event: 76.392 Thread 0x00000276b64ef280 Uncommon trap: reason=array_check action=maybe_recompile pc=0x000002768f432924 method=java.util.ComparableTimSort.binarySort([Ljava/lang/Object;III)V @ 183 c2
Event: 76.392 Thread 0x00000276b64ef280 DEOPT PACKING pc=0x000002768f432924 sp=0x000000febb3f9940
Event: 76.392 Thread 0x00000276b64ef280 DEOPT UNPACKING pc=0x000002768ed623a3 sp=0x000000febb3f9900 mode 2
Event: 76.416 Thread 0x00000276b64ef280 Uncommon trap: trap_request=0xffffffd6 fr.pc=0x000002768f432870 relative=0x0000000000000730
Event: 76.416 Thread 0x00000276b64ef280 Uncommon trap: reason=array_check action=maybe_recompile pc=0x000002768f432870 method=java.util.ComparableTimSort.binarySort([Ljava/lang/Object;III)V @ 193 c2
Event: 76.416 Thread 0x00000276b64ef280 DEOPT PACKING pc=0x000002768f432870 sp=0x000000febb3f9940
Event: 76.416 Thread 0x00000276b64ef280 DEOPT UNPACKING pc=0x000002768ed623a3 sp=0x000000febb3f9900 mode 2
Event: 76.456 Thread 0x00000276b64ef280 DEOPT PACKING pc=0x00000276878ffb8b sp=0x000000febb3f95e0
Event: 76.456 Thread 0x00000276b64ef280 DEOPT UNPACKING pc=0x000002768ed62b43 sp=0x000000febb3f8b18 mode 0
Event: 76.458 Thread 0x00000276b64ef280 DEOPT PACKING pc=0x00000276878ffb8b sp=0x000000febb3f95e0
Event: 76.458 Thread 0x00000276b64ef280 DEOPT UNPACKING pc=0x000002768ed62b43 sp=0x000000febb3f8b18 mode 0
Event: 76.474 Thread 0x00000276b64ef280 DEOPT PACKING pc=0x00000276878ffb8b sp=0x000000febb3f4af0
Event: 76.474 Thread 0x00000276b64ef280 DEOPT UNPACKING pc=0x000002768ed62b43 sp=0x000000febb3f4028 mode 0
Event: 78.320 Thread 0x00000276b64ef280 Uncommon trap: trap_request=0xffffffbe fr.pc=0x000002768fb066ec relative=0x0000000000000f2c
Event: 78.320 Thread 0x00000276b64ef280 Uncommon trap: reason=profile_predicate action=maybe_recompile pc=0x000002768fb066ec method=java.util.TimSort.binarySort([Ljava/lang/Object;IIILjava/util/Comparator;)V @ 34 c2
Event: 78.320 Thread 0x00000276b64ef280 DEOPT PACKING pc=0x000002768fb066ec sp=0x000000febb3fca80
Event: 78.320 Thread 0x00000276b64ef280 DEOPT UNPACKING pc=0x000002768ed623a3 sp=0x000000febb3fc950 mode 2

Classes unloaded (20 events):
Event: 75.203 Thread 0x00000276feed0d50 Unloading class 0x0000027698c737b8 'com/intellij/compiler/instrumentation/InstrumentationClassFinder$ClassFinderClasspath'
Event: 75.203 Thread 0x00000276feed0d50 Unloading class 0x0000027698c733c0 'com/intellij/compiler/instrumentation/InstrumentationClassFinder$PseudoClass'
Event: 75.203 Thread 0x00000276feed0d50 Unloading class 0x0000027698c73130 'com/intellij/compiler/instrumentation/InstrumentationClassFinder$V'
Event: 75.203 Thread 0x00000276feed0d50 Unloading class 0x0000027698c72e48 'com/intellij/compiler/instrumentation/InstrumentationClassFinder$1'
Event: 75.203 Thread 0x00000276feed0d50 Unloading class 0x0000027698c72be8 'com/intellij/compiler/instrumentation/InstrumentationClassFinder$2'
Event: 75.203 Thread 0x00000276feed0d50 Unloading class 0x0000027698c72998 'com/intellij/compiler/instrumentation/InstrumentationClassFinder'
Event: 75.203 Thread 0x00000276feed0d50 Unloading class 0x0000027698c72560 'com/intellij/ant/PrefixedPath'
Event: 75.203 Thread 0x00000276feed0d50 Unloading class 0x0000027698c72258 'com/intellij/ant/ClassFilterAnnotationRegexp'
Event: 75.203 Thread 0x00000276feed0d50 Unloading class 0x0000027698c70db0 'com/intellij/uiDesigner/compiler/NestedFormLoader'
Event: 75.203 Thread 0x00000276feed0d50 Unloading class 0x0000027698c71df0 'com/intellij/uiDesigner/lw/PropertiesProvider'
Event: 75.203 Thread 0x00000276feed0d50 Unloading class 0x0000027698c72000 'com/intellij/uiDesigner/compiler/AlienFormFileException'
Event: 75.203 Thread 0x00000276feed0d50 Unloading class 0x0000027698c6dda0 'com/intellij/uiDesigner/compiler/UIDesignerException'
Event: 75.203 Thread 0x00000276feed0d50 Unloading class 0x0000027698c6db18 'com/intellij/ant/Javac2$1'
Event: 75.203 Thread 0x00000276feed0d50 Unloading class 0x0000027698c6d800 'com/intellij/compiler/instrumentation/InstrumenterClassWriter'
Event: 75.203 Thread 0x00000276feed0d50 Unloading class 0x0000027698c71ad8 'org/jetbrains/org/objectweb/asm/ClassWriter'
Event: 75.203 Thread 0x00000276feed0d50 Unloading class 0x0000027698c71850 'org/jetbrains/org/objectweb/asm/ClassVisitor'
Event: 75.203 Thread 0x00000276feed0d50 Unloading class 0x0000027698c70b00 'com/intellij/compiler/instrumentation/FailSafeClassReader'
Event: 75.203 Thread 0x00000276feed0d50 Unloading class 0x0000027698c70850 'org/jetbrains/org/objectweb/asm/ClassReader'
Event: 75.203 Thread 0x00000276feed0d50 Unloading class 0x0000027698c71000 'com/intellij/ant/InstrumentIdeaExtensions'
Event: 75.203 Thread 0x00000276feed0d50 Unloading class 0x0000027698c70000 'com/intellij/ant/Javac2'

Classes redefined (0 events):
No events

Internal exceptions (20 events):
Event: 78.528 Thread 0x00000276b64ef280 Exception <a 'sun/nio/fs/WindowsException'{0x00000000f9b28e68}> (0x00000000f9b28e68) 
thrown [s\open\src\hotspot\share\prims\jni.cpp, line 516]
Event: 78.528 Thread 0x00000276b64ef280 Exception <a 'sun/nio/fs/WindowsException'{0x00000000f9b29108}> (0x00000000f9b29108) 
thrown [s\open\src\hotspot\share\prims\jni.cpp, line 516]
Event: 78.529 Thread 0x00000276b64ef280 Exception <a 'sun/nio/fs/WindowsException'{0x00000000f9b7b0a0}> (0x00000000f9b7b0a0) 
thrown [s\open\src\hotspot\share\prims\jni.cpp, line 516]
Event: 78.529 Thread 0x00000276b64ef280 Exception <a 'sun/nio/fs/WindowsException'{0x00000000f9b7b390}> (0x00000000f9b7b390) 
thrown [s\open\src\hotspot\share\prims\jni.cpp, line 516]
Event: 78.529 Thread 0x00000276b64ef280 Exception <a 'sun/nio/fs/WindowsException'{0x00000000f9b7d1e8}> (0x00000000f9b7d1e8) 
thrown [s\open\src\hotspot\share\prims\jni.cpp, line 516]
Event: 78.529 Thread 0x00000276b64ef280 Exception <a 'sun/nio/fs/WindowsException'{0x00000000f9b7d428}> (0x00000000f9b7d428) 
thrown [s\open\src\hotspot\share\prims\jni.cpp, line 516]
Event: 78.529 Thread 0x00000276b64ef280 Exception <a 'sun/nio/fs/WindowsException'{0x00000000f9b7f288}> (0x00000000f9b7f288) 
thrown [s\open\src\hotspot\share\prims\jni.cpp, line 516]
Event: 78.529 Thread 0x00000276b64ef280 Exception <a 'sun/nio/fs/WindowsException'{0x00000000f9b7f4d8}> (0x00000000f9b7f4d8) 
thrown [s\open\src\hotspot\share\prims\jni.cpp, line 516]
Event: 78.529 Thread 0x00000276b64ef280 Exception <a 'sun/nio/fs/WindowsException'{0x00000000f9b81a38}> (0x00000000f9b81a38) 
thrown [s\open\src\hotspot\share\prims\jni.cpp, line 516]
Event: 78.529 Thread 0x00000276b64ef280 Exception <a 'sun/nio/fs/WindowsException'{0x00000000f9b82670}> (0x00000000f9b82670) 
thrown [s\open\src\hotspot\share\prims\jni.cpp, line 516]
Event: 78.529 Thread 0x00000276b64ef280 Exception <a 'sun/nio/fs/WindowsException'{0x00000000f9b82e80}> (0x00000000f9b82e80) 
thrown [s\open\src\hotspot\share\prims\jni.cpp, line 516]
Event: 78.529 Thread 0x00000276b64ef280 Exception <a 'sun/nio/fs/WindowsException'{0x00000000f9b830a0}> (0x00000000f9b830a0) 
thrown [s\open\src\hotspot\share\prims\jni.cpp, line 516]
Event: 78.529 Thread 0x00000276b64ef280 Exception <a 'sun/nio/fs/WindowsException'{0x00000000f9b84ec8}> (0x00000000f9b84ec8) 
thrown [s\open\src\hotspot\share\prims\jni.cpp, line 516]
Event: 78.529 Thread 0x00000276b64ef280 Exception <a 'sun/nio/fs/WindowsException'{0x00000000f9b850e8}> (0x00000000f9b850e8) 
thrown [s\open\src\hotspot\share\prims\jni.cpp, line 516]
Event: 78.529 Thread 0x00000276b64ef280 Exception <a 'sun/nio/fs/WindowsException'{0x00000000f9b87828}> (0x00000000f9b87828) 
thrown [s\open\src\hotspot\share\prims\jni.cpp, line 516]
Event: 78.529 Thread 0x00000276b64ef280 Exception <a 'sun/nio/fs/WindowsException'{0x00000000f9b87a48}> (0x00000000f9b87a48) 
thrown [s\open\src\hotspot\share\prims\jni.cpp, line 516]
Event: 78.530 Thread 0x00000276b64ef280 Exception <a 'sun/nio/fs/WindowsException'{0x00000000f9b89860}> (0x00000000f9b89860) 
thrown [s\open\src\hotspot\share\prims\jni.cpp, line 516]
Event: 78.530 Thread 0x00000276b64ef280 Exception <a 'sun/nio/fs/WindowsException'{0x00000000f9b89a80}> (0x00000000f9b89a80) 
thrown [s\open\src\hotspot\share\prims\jni.cpp, line 516]
Event: 78.530 Thread 0x00000276b64ef280 Exception <a 'sun/nio/fs/WindowsException'{0x00000000f9b8b8b8}> (0x00000000f9b8b8b8) 
thrown [s\open\src\hotspot\share\prims\jni.cpp, line 516]
Event: 78.530 Thread 0x00000276b64ef280 Exception <a 'sun/nio/fs/WindowsException'{0x00000000f9b8bae0}> (0x00000000f9b8bae0) 
thrown [s\open\src\hotspot\share\prims\jni.cpp, line 516]

VM Operations (20 events):
Event: 75.813 Executing VM operation: ICBufferFull
Event: 75.813 Executing VM operation: ICBufferFull done
Event: 75.920 Executing VM operation: G1TryInitiateConcMark
Event: 75.927 Executing VM operation: G1TryInitiateConcMark done
Event: 76.028 Executing VM operation: G1Concurrent
Event: 76.033 Executing VM operation: G1Concurrent done
Event: 76.084 Executing VM operation: G1Concurrent
Event: 76.084 Executing VM operation: G1Concurrent done
Event: 76.157 Executing VM operation: HandshakeAllThreads
Event: 76.158 Executing VM operation: HandshakeAllThreads done
Event: 76.652 Executing VM operation: G1CollectForAllocation
Event: 76.661 Executing VM operation: G1CollectForAllocation done
Event: 77.673 Executing VM operation: Cleanup
Event: 77.673 Executing VM operation: Cleanup done
Event: 78.147 Executing VM operation: G1CollectForAllocation
Event: 78.156 Executing VM operation: G1CollectForAllocation done
Event: 79.164 Executing VM operation: Cleanup
Event: 79.164 Executing VM operation: Cleanup done
Event: 81.169 Executing VM operation: Cleanup
Event: 81.169 Executing VM operation: Cleanup done

Events (20 events):
Event: 76.160 Thread 0x00000276fef14920 flushing nmethod 0x000002768f73cc10
Event: 76.160 Thread 0x00000276fef14920 flushing nmethod 0x000002768f7ed410
Event: 76.162 Thread 0x00000276fef14920 flushing nmethod 0x0000027687878690
Event: 76.175 Thread 0x00000276fef14920 flushing nmethod 0x0000027688bbe990
Event: 76.176 Thread 0x00000276fef14920 flushing nmethod 0x0000027688d63510
Event: 76.176 Thread 0x00000276fef14920 flushing nmethod 0x0000027688d68f10
Event: 76.176 Thread 0x00000276fef14920 flushing nmethod 0x0000027688d6ec90
Event: 76.176 Thread 0x00000276fef14920 flushing nmethod 0x0000027688d70f10
Event: 76.289 Thread 0x00000276b5e59e10 Thread added: 0x00000276b5e59e10
Event: 76.289 Thread 0x00000276b5e5a830 Thread added: 0x00000276b5e5a830
Event: 76.289 Thread 0x00000276b5e584c0 Thread added: 0x00000276b5e584c0
Event: 76.290 Thread 0x00000276b32d9d60 Thread added: 0x00000276b32d9d60
Event: 76.290 Thread 0x00000276b32d74e0 Thread added: 0x00000276b32d74e0
Event: 76.290 Thread 0x00000276b32d8410 Thread added: 0x00000276b32d8410
Event: 76.290 Thread 0x00000276b32d79f0 Thread added: 0x00000276b32d79f0
Event: 76.290 Thread 0x00000276b32d7f00 Thread added: 0x00000276b32d7f00
Event: 76.290 Thread 0x00000276b13ddb70 Thread added: 0x00000276b13ddb70
Event: 76.290 Thread 0x00000276b13dc220 Thread added: 0x00000276b13dc220
Event: 77.005 Thread 0x00000276b698baf0 Thread exited: 0x00000276b698baf0
Event: 77.403 Thread 0x00000276b698dad0 Thread exited: 0x00000276b698dad0


Dynamic libraries:
0x00007ff649100000 - 0x00007ff649110000 	C:\Program Files\Java\jdk-17\bin\java.exe
0x00007ffbf6a20000 - 0x00007ffbf6c83000 	C:\WINDOWS\SYSTEM32\ntdll.dll
0x00007ffbf53a0000 - 0x00007ffbf5467000 	C:\WINDOWS\System32\KERNEL32.DLL
0x00007ffbf42f0000 - 0x00007ffbf46b9000 	C:\WINDOWS\System32\KERNELBASE.dll
0x00007ffbf3cd0000 - 0x00007ffbf3e1c000 	C:\WINDOWS\System32\ucrtbase.dll
0x00007ffbf02e0000 - 0x00007ffbf02f9000 	C:\Program Files\Java\jdk-17\bin\jli.dll
0x00007ffbe9210000 - 0x00007ffbe922b000 	C:\Program Files\Java\jdk-17\bin\VCRUNTIME140.dll
0x00007ffbf6250000 - 0x00007ffbf6302000 	C:\WINDOWS\System32\ADVAPI32.dll
0x00007ffbf5470000 - 0x00007ffbf5519000 	C:\WINDOWS\System32\msvcrt.dll
0x00007ffbf5540000 - 0x00007ffbf55e6000 	C:\WINDOWS\System32\sechost.dll
0x00007ffbf6130000 - 0x00007ffbf6246000 	C:\WINDOWS\System32\RPCRT4.dll
0x00007ffbf51d0000 - 0x00007ffbf539a000 	C:\WINDOWS\System32\USER32.dll
0x00007ffbd7b60000 - 0x00007ffbd7df0000 	C:\WINDOWS\WinSxS\amd64_microsoft.windows.common-controls_6595b64144ccf1df_6.0.26100.3323_none_3e088096e3344490\COMCTL32.dll
0x00007ffbf42c0000 - 0x00007ffbf42e7000 	C:\WINDOWS\System32\win32u.dll
0x00007ffbf60b0000 - 0x00007ffbf60da000 	C:\WINDOWS\System32\GDI32.dll
0x00007ffbf3ee0000 - 0x00007ffbf4011000 	C:\WINDOWS\System32\gdi32full.dll
0x00007ffbf3c20000 - 0x00007ffbf3cc3000 	C:\WINDOWS\System32\msvcp_win.dll
0x00007ffbecf00000 - 0x00007ffbecf0b000 	C:\WINDOWS\SYSTEM32\VERSION.dll
0x00007ffbf6310000 - 0x00007ffbf633f000 	C:\WINDOWS\System32\IMM32.DLL
0x00007ffbf0830000 - 0x00007ffbf083c000 	C:\Program Files\Java\jdk-17\bin\vcruntime140_1.dll
0x00007ffbcd2e0000 - 0x00007ffbcd36e000 	C:\Program Files\Java\jdk-17\bin\msvcp140.dll
0x00007ffb9ecb0000 - 0x00007ffb9f88f000 	C:\Program Files\Java\jdk-17\bin\server\jvm.dll
0x00007ffbf5080000 - 0x00007ffbf5088000 	C:\WINDOWS\System32\PSAPI.DLL
0x00007ffbece50000 - 0x00007ffbece86000 	C:\WINDOWS\SYSTEM32\WINMM.dll
0x00007ffbd0100000 - 0x00007ffbd010a000 	C:\WINDOWS\SYSTEM32\WSOCK32.dll
0x00007ffbf55f0000 - 0x00007ffbf5664000 	C:\WINDOWS\System32\WS2_32.dll
0x00007ffbf2a20000 - 0x00007ffbf2a3a000 	C:\WINDOWS\SYSTEM32\kernel.appcore.dll
0x00007ffbee920000 - 0x00007ffbee92a000 	C:\Program Files\Java\jdk-17\bin\jimage.dll
0x00007ffbf1660000 - 0x00007ffbf18a1000 	C:\WINDOWS\SYSTEM32\DBGHELP.DLL
0x00007ffbf4b20000 - 0x00007ffbf4ea2000 	C:\WINDOWS\System32\combase.dll
0x00007ffbf48a0000 - 0x00007ffbf4976000 	C:\WINDOWS\System32\OLEAUT32.dll
0x00007ffbd12d0000 - 0x00007ffbd1309000 	C:\WINDOWS\SYSTEM32\dbgcore.DLL
0x00007ffbf40b0000 - 0x00007ffbf4149000 	C:\WINDOWS\System32\bcryptPrimitives.dll
0x00007ffbe9200000 - 0x00007ffbe920e000 	C:\Program Files\Java\jdk-17\bin\instrument.dll
0x00007ffbd6960000 - 0x00007ffbd6985000 	C:\Program Files\Java\jdk-17\bin\java.dll
0x00007ffbcce80000 - 0x00007ffbccf57000 	C:\Program Files\Java\jdk-17\bin\jsvml.dll
0x00007ffbf5900000 - 0x00007ffbf6015000 	C:\WINDOWS\System32\SHELL32.dll
0x00007ffbf4150000 - 0x00007ffbf42b8000 	C:\WINDOWS\System32\wintypes.dll
0x00007ffbf18e0000 - 0x00007ffbf2125000 	C:\WINDOWS\SYSTEM32\windows.storage.dll
0x00007ffbf68f0000 - 0x00007ffbf69db000 	C:\WINDOWS\System32\SHCORE.dll
0x00007ffbf5020000 - 0x00007ffbf507d000 	C:\WINDOWS\System32\shlwapi.dll
0x00007ffbf3b30000 - 0x00007ffbf3b5f000 	C:\WINDOWS\SYSTEM32\profapi.dll
0x00007ffbd9a70000 - 0x00007ffbd9a88000 	C:\Program Files\Java\jdk-17\bin\zip.dll
0x00007ffbce380000 - 0x00007ffbce399000 	C:\Program Files\Java\jdk-17\bin\net.dll
0x00007ffbe9330000 - 0x00007ffbe944e000 	C:\WINDOWS\SYSTEM32\WINHTTP.dll
0x00007ffbf2f60000 - 0x00007ffbf2fca000 	C:\WINDOWS\system32\mswsock.dll
0x00007ffbcd0f0000 - 0x00007ffbcd106000 	C:\Program Files\Java\jdk-17\bin\nio.dll
0x00007ffbe91a0000 - 0x00007ffbe91b0000 	C:\Program Files\Java\jdk-17\bin\verify.dll
0x00007ffbce010000 - 0x00007ffbce037000 	C:\Users\Sharif\.gradle\native\c067742578af261105cb4f569cf0c3c89f3d7b1fecec35dd04571415982c5e48\windows-amd64\native-platform.dll
0x00007ffbbdd50000 - 0x00007ffbbde94000 	C:\Users\Sharif\.gradle\native\38dada09dfb8b06ba9b0570ebf7e218e3eb74d4ef43ca46872605cf95ebc2f47\windows-amd64\native-platform-file-events.dll
0x00007ffbe3ce0000 - 0x00007ffbe3cea000 	C:\Program Files\Java\jdk-17\bin\management.dll
0x00007ffbd8da0000 - 0x00007ffbd8dab000 	C:\Program Files\Java\jdk-17\bin\management_ext.dll
0x00007ffbf3200000 - 0x00007ffbf321c000 	C:\WINDOWS\SYSTEM32\CRYPTSP.dll
0x00007ffbf2980000 - 0x00007ffbf29ba000 	C:\WINDOWS\system32\rsaenh.dll
0x00007ffbf3000000 - 0x00007ffbf302b000 	C:\WINDOWS\SYSTEM32\USERENV.dll
0x00007ffbf3440000 - 0x00007ffbf3466000 	C:\WINDOWS\SYSTEM32\bcrypt.dll
0x00007ffbf3220000 - 0x00007ffbf322c000 	C:\WINDOWS\SYSTEM32\CRYPTBASE.dll
0x00007ffbf2480000 - 0x00007ffbf24b3000 	C:\WINDOWS\SYSTEM32\IPHLPAPI.DLL
0x00007ffbf5010000 - 0x00007ffbf501a000 	C:\WINDOWS\System32\NSI.dll
0x00007ffbe9580000 - 0x00007ffbe959f000 	C:\WINDOWS\SYSTEM32\dhcpcsvc6.DLL
0x00007ffbe9160000 - 0x00007ffbe9185000 	C:\WINDOWS\SYSTEM32\dhcpcsvc.DLL
0x00007ffbf2520000 - 0x00007ffbf2645000 	C:\WINDOWS\SYSTEM32\DNSAPI.dll
0x00007ffbd4f40000 - 0x00007ffbd4f4e000 	C:\Program Files\Java\jdk-17\bin\sunmscapi.dll
0x00007ffbf46c0000 - 0x00007ffbf4837000 	C:\WINDOWS\System32\CRYPT32.dll
0x00007ffbf3400000 - 0x00007ffbf3430000 	C:\WINDOWS\SYSTEM32\ncrypt.dll
0x00007ffbf33b0000 - 0x00007ffbf33ef000 	C:\WINDOWS\SYSTEM32\NTASN1.dll
0x00007ffb6f750000 - 0x00007ffb6f758000 	C:\WINDOWS\system32\wshunix.dll
0x00007ffbcde00000 - 0x00007ffbcde18000 	C:\WINDOWS\system32\napinsp.dll
0x00007ffbcd780000 - 0x00007ffbcd792000 	C:\WINDOWS\System32\winrnr.dll
0x00007ffbcd670000 - 0x00007ffbcd692000 	C:\WINDOWS\system32\nlansp_c.dll
0x00007ffbe98e0000 - 0x00007ffbe98f6000 	C:\WINDOWS\system32\wshbth.dll
0x00007ffbe9550000 - 0x00007ffbe955b000 	C:\Windows\System32\rasadhlp.dll
0x00007ffbe82f0000 - 0x00007ffbe8375000 	C:\WINDOWS\System32\fwpuclnt.dll
0x00007ffbf2b60000 - 0x00007ffbf2b95000 	C:\WINDOWS\SYSTEM32\ntmarta.dll

dbghelp: loaded successfully - version: 4.0.5 - missing functions: none
symbol engine: initialized successfully - sym options: 0x614 - pdb path: .;C:\Program Files\Java\jdk-17\bin;C:\WINDOWS\SYSTEM32;C:\WINDOWS\WinSxS\amd64_microsoft.windows.common-controls_6595b64144ccf1df_6.0.26100.3323_none_3e088096e3344490;C:\Program Files\Java\jdk-17\bin\server;C:\Users\Sharif\.gradle\native\c067742578af261105cb4f569cf0c3c89f3d7b1fecec35dd04571415982c5e48\windows-amd64;C:\Users\Sharif\.gradle\native\38dada09dfb8b06ba9b0570ebf7e218e3eb74d4ef43ca46872605cf95ebc2f47\windows-amd64

VM Arguments:
jvm_args: --add-opens=java.base/java.util=ALL-UNNAMED --add-opens=java.base/java.lang=ALL-UNNAMED --add-opens=java.base/java.lang.invoke=ALL-UNNAMED --add-opens=java.prefs/java.util.prefs=ALL-UNNAMED --add-opens=java.base/java.nio.charset=ALL-UNNAMED --add-opens=java.base/java.net=ALL-UNNAMED --add-opens=java.base/java.util.concurrent.atomic=ALL-UNNAMED -XX:MaxMetaspaceSize=384m -XX:+HeapDumpOnOutOfMemoryError -Xms256m -Xmx512m -Dfile.encoding=windows-1252 -Duser.country=US -Duser.language=en -Duser.variant -javaagent:C:\Users\Sharif\.gradle\wrapper\dists\gradle-8.5-bin\5t9huq95ubn472n8rpzujfbqh\gradle-8.5\lib\agents\gradle-instrumentation-agent-8.5.jar 
java_command: org.gradle.launcher.daemon.bootstrap.GradleDaemon 8.5
java_class_path (initial): C:\Users\Sharif\.gradle\wrapper\dists\gradle-8.5-bin\5t9huq95ubn472n8rpzujfbqh\gradle-8.5\lib\gradle-launcher-8.5.jar
Launcher Type: SUN_STANDARD

[Global flags]
     intx CICompilerCount                          = 4                                         {product} {ergonomic}
   size_t CompressedClassSpaceSize                 = 335544320                                 {product} {ergonomic}
     uint ConcGCThreads                            = 3                                         {product} {ergonomic}
     uint G1ConcRefinementThreads                  = 11                                        {product} {ergonomic}
   size_t G1HeapRegionSize                         = 1048576                                   {product} {ergonomic}
    uintx GCDrainStackTargetSize                   = 64                                        {product} {ergonomic}
     bool HeapDumpOnOutOfMemoryError               = true                                   {manageable} {command line}
   size_t InitialHeapSize                          = 268435456                                 {product} {command line}
   size_t MarkStackSize                            = 4194304                                   {product} {ergonomic}
   size_t MaxHeapSize                              = 536870912                                 {product} {command line}
   size_t MaxMetaspaceSize                         = 402653184                                 {product} {command line}
   size_t MaxNewSize                               = 321912832                                 {product} {ergonomic}
   size_t MinHeapDeltaBytes                        = 1048576                                   {product} {ergonomic}
   size_t MinHeapSize                              = 268435456                                 {product} {command line}
    uintx NonNMethodCodeHeapSize                   = 5839372                                {pd product} {ergonomic}
    uintx NonProfiledCodeHeapSize                  = 122909434                              {pd product} {ergonomic}
    uintx ProfiledCodeHeapSize                     = 122909434                              {pd product} {ergonomic}
    uintx ReservedCodeCacheSize                    = 251658240                              {pd product} {ergonomic}
     bool SegmentedCodeCache                       = true                                      {product} {ergonomic}
   size_t SoftMaxHeapSize                          = 536870912                              {manageable} {ergonomic}
     bool UseCompressedClassPointers               = true                           {product lp64_product} {ergonomic}
     bool UseCompressedOops                        = true                           {product lp64_product} {ergonomic}
     bool UseG1GC                                  = true                                      {product} {ergonomic}
     bool UseLargePagesIndividualAllocation        = false                                  {pd product} {ergonomic}

Logging:
Log output configuration:
 #0: stdout all=warning uptime,level,tags
 #1: stderr all=off uptime,level,tags

Environment Variables:
PATH=C:\Program Files\Microsoft SDKs\Azure\CLI2\wbin;C:\Program Files\NVIDIA GPU Computing Toolkit\CUDA\v11.7\bin;C:\Program Files\NVIDIA GPU Computing Toolkit\CUDA\v11.7\libnvvp;C:\Program Files (x86)\VMware\VMware Workstation\bin\;C:\Program Files (x86)\Common Files\Intel\Shared Libraries\redist\intel64\compiler;C:\Program Files\Common Files\Oracle\Java\javapath--;C:\Python311\Scripts\;C:\Python311\;C:\Windows\system32;C:\Windows;C:\Windows\System32\Wbem;C:\Windows\System32\WindowsPowerShell\v1.0\;C:\Windows\System32\OpenSSH\;C:\Program Files (x86)\NVIDIA Corporation\PhysX\Common;C:\Program Files\NVIDIA Corporation\NVIDIA NvDLISR;C:\Program Files\nodejs\;C:\ProgramData\chocolatey\bin;C:\Program Files\Git\cmdx\;C:\ProgramData\ComposerSetup\bin;C:\Program Files\dotnet\;C:\Program Files (x86)\cpeditor\mingw64\bin;C:\flutter\flutter\bin;C:\Program Files\Redis\;C:\Program Files\Docker\Docker\resources\bin;C:\Program Files\Java\graalvm-jdk-21.0.2+13.1\bin;C:\Program Files\PuTTY\;C:\Program Files\CMake\bin;C:\Program Files\sf\bin;C:\Program Files\Cloudflare\Cloudflare WARP\;C:\Program Files\NVIDIA Corporation\Nsight Compute 2023.3.0\;C:\WINDOWS\system32;C:\WINDOWS;C:\WINDOWS\System32\Wbem;C:\WINDOWS\System32\WindowsPowerShell\v1.0\;C:\WINDOWS\System32\OpenSSH\;C:\Program Files\Git\usr\bin;C:\Users\Sharif\AppData\Local\Programs\Python\Python310\Scripts\;C:\Users\Sharif\AppData\Local\Programs\Python\Python310\;C:\Users\Sharif\AppData\Local\Programs\Python\Python38\Scripts\;C:\Users\Sharif\AppData\Local\Programs\Python\Python38\;C:\Users\Sharif\AppData\Local\Programs\Python\Python37\Scripts\;C:\Users\Sharif\AppData\Local\Programs\Python\Python37\;C:\Users\Sharif\AppData\Local\Microsoft\WindowsApps;C:\Program Files\aria2c;C:\Users\Sharif\AppData\Roaming\npm;C:\Program Files\JetBrains\IntelliJ IDEA 2023.1.1\bin;C:\Program Files\JetBrains\PhpStorm 2023.1.1\bin;C:\xampp\php;C:\Users\Sharif\AppData\Roaming\Composer\vendor\bin;C:\Program Files\wkhtmltopdf\bin;C:\Program Files\Java\g
USERNAME=Sharif
OS=Windows_NT
PROCESSOR_IDENTIFIER=AMD64 Family 25 Model 80 Stepping 0, AuthenticAMD



---------------  S Y S T E M  ---------------

OS:
 Windows 11 , 64 bit Build 26100 (10.0.26100.3323)
OS uptime: 0 days 13:34 hours
Hyper-V role detected

CPU: total 14 (initial active 14) (16 cores per cpu, 2 threads per core) family 25 model 80 stepping 0 microcode 0xa50000d, cx8, cmov, fxsr, ht, mmx, 3dnowpref, sse, sse2, sse3, ssse3, sse4a, sse4.1, sse4.2, popcnt, lzcnt, tsc, tscinvbit, avx, avx2, aes, erms, clmul, bmi1, bmi2, adx, sha, fma, vzeroupper, clflush, clflushopt, hv

Memory: 4k page, system-wide physical 15713M (1823M free)
TotalPageFile size 64865M (AvailPageFile size 1M)
current process WorkingSet (physical memory assigned to process): 682M, peak: 731M
current process commit charge ("private bytes"): 730M, peak: 779M

vm_info: Java HotSpot(TM) 64-Bit Server VM (17.0.10+11-LTS-240) for windows-amd64 JRE (17.0.10+11-LTS-240), built on Dec 19 2023 21:47:25 by "mach5one" with MS VC++ 17.1 (VS2022)

END.
